model,sha256,model_bytes,resolution,view,profile,raw,measured_repeats,warmup_discarded,model_ready_ms,client_init_ms,packet_bytes,visible_splats,client_committed_resource_bytes,peak_working_set_bytes,server_peak_gpu_bytes,rgb_psnr_db,rgb_ssim,max_channel_error,mean_absolute_error,identical,foreground_fraction,foreground_psnr_db,crop_ssim,unpacked_bytes,compression_flag,network_ms_p50,network_ms_p95,decode_ms_p50,decode_ms_p95,gpu_upload_ms_p50,gpu_upload_ms_p95,gpu_draw_ms_p50,gpu_draw_ms_p95,capture_ms_p50,capture_ms_p95,render_wall_ms_p50,render_wall_ms_p95,ready_with_capture_ms_p50,ready_with_capture_ms_p95,server_project_ms_p50,server_sort_ms_p50,server_gather_ms_p50,server_draw_ms_p50,server_readback_ms_p50,server_encode_ms_p50,server_server_ms_p50,theoretical_5mbps_ms,theoretical_10mbps_ms,theoretical_20mbps_ms,theoretical_100mbps_ms,cold_client_init_plus_ready_ms,client_upload_plus_draw_ms_p50,client_upload_plus_draw_ms_p95,source_splats,source_sh_degree,load_upload_ms
C:\Users\21544\Desktop\zhishan\spz\juyuan_v2.spz,24133da7801ff5986c350dcc96064cd8e32ecba5226507a68420d698f2c54f2c,52605719,1920x1080,2,f32,0,30,3,3564.5076999971934,239.8125,95510980,2670015,266272768,607744000,908150783,75.15083850039974,0.9999884838736839,3,0.0019741833847736626,False,0.03906057098765432,62.14362955315673,0.9998622363407179,106800600,1,910.1315999999999,1011.646035,250.5143,255.2631,16.29944,33.0965472,11.269696,25.210195199999994,2.95248,4.2626422,67.23435,101.21046499999999,1221.7417500000001,1343.42654,23.53715229,4.1351521015,4.9116160865000005,0.0,16.67028809,493.68578,627.3098605,152817.568,76408.784,38204.392,7640.8784,1546.5822,27.648512,58.4588288,2670017,3,2769.7
C:\Users\21544\Desktop\zhishan\spz\juyuan_v2.spz,24133da7801ff5986c350dcc96064cd8e32ecba5226507a68420d698f2c54f2c,52605719,1920x1080,2,f16,0,30,3,3564.5076999971934,355.9046,47665269,2670015,266272768,506433536,908150783,44.164123401688265,0.9987430672867864,228,0.1308495691872428,False,0.03906057098765432,30.094066246475933,0.9836366668275233,53400300,1,632.3245,678.568935,175.35309999999998,187.60680499999998,15.851232,17.093345599999996,8.52456,13.479479999999997,2.945814,3.5023397999999997,64.27505,73.343715,867.4598000000001,932.75405,23.35436821,4.409552097,4.8501758575,0.0,16.72023964,325.9591575,456.5145035,76264.4304,38132.2152,19066.1076,3813.22152,1217.7124000000001,24.979456,29.934694399999994,2670017,3,2769.7
C:\Users\21544\Desktop\zhishan\spz\juyuan_v2.spz,24133da7801ff5986c350dcc96064cd8e32ecba5226507a68420d698f2c54f2c,52605719,1920x1080,2,q20,0,30,3,3564.5076999971934,325.1126,48127593,2670015,266272768,506855424,908150783,62.52359127283975,0.9999644890105824,32,0.016618280606995883,False,0.03906057098765432,48.51237588677036,0.9995497262119244,53400300,1,736.1998,841.2391049999999,208.0952,211.69632,16.054752,33.607975999999994,10.854112,18.536779199999994,2.962364,4.170525,66.4624,91.24622999999998,1007.73125,1112.8231399999997,24.214015959999998,4.4224479195,4.9459199905,0.0,16.733119965,442.2480425,564.383963,77004.1488,38502.0744,19251.0372,3850.20744,1362.0318,26.704896,52.57292799999999,2670017,3,2769.7
C:\Users\21544\Desktop\zhishan\spz\juyuan_v2.spz,24133da7801ff5986c350dcc96064cd8e32ecba5226507a68420d698f2c54f2c,52605719,1920x1080,2,q16,0,30,3,3564.5076999971934,343.6804,38076827,2670015,266272768,486109184,908150783,62.35932666263328,0.9999610968802886,32,0.01784400720164609,False,0.03906057098765432,48.345609101069094,0.9995059538157379,42720240,1,607.20515,664.5893699999999,189.9758,193.71767,16.015504,17.0301504,7.6834240000000005,12.058300799999998,2.945642,3.345480999999999,58.70695,70.148305,858.70385,920.735355,22.383616445,4.055392027,4.939264059,0.0,16.602047925,346.078754,471.32561250000003,60922.9232,30461.4616,15230.7308,3046.14616,1277.4538,24.052224000000002,28.8799744,2670017,3,2769.7
C:\Users\21544\Desktop\zhishan\spz\juyuan_v2.spz,24133da7801ff5986c350dcc96064cd8e32ecba5226507a68420d698f2c54f2c,52605719,1920x1080,2,rgba,0,30,3,3564.5076999971934,342.8159,279492,2670015,25559040,107753472,908150783,,1.0,0,0.0,True,0.03906057098765432,,1.0,8294400,1,50.5347,53.776975,5.0789,5.689329999999998,0.657568,0.7445775999999996,0.000896,0.0009455999999999999,2.3112700000000004,2.5436864,6.8660499999999995,7.642944999999999,62.55945,66.311555,1.6174080370000001,0.38084799055,0.603136003,19.559424399999997,1.030687988,4.1698699999999995,42.754941,447.1872,223.5936,111.7968,22.35936,426.5064,0.6584960000000001,0.7455759999999996,2670017,3,2769.7
C:\Users\21544\Desktop\zhishan\spz\juyuan_v2.spz,24133da7801ff5986c350dcc96064cd8e32ecba5226507a68420d698f2c54f2c,52605719,1920x1080,2,jpeg95,0,30,3,3564.5076999971934,290.2694,111405,2670015,25559040,108888064,908150783,54.87869422578405,0.9996305564726246,23,0.06656667952674897,False,0.03906057098765432,40.98451154261475,0.9953221862000668,8294400,0,52.57425,58.177495,6.0718,7.4274049999999985,0.6640159999999999,0.8696031999999997,0.000896,0.0012271999999999984,2.332522,2.5742329999999995,6.9283,7.675034999999999,65.80945,71.57616,1.616896033,0.38099199535,0.6021119952,19.874304775,1.0654079915,7.137713,46.069981999999996,178.248,89.124,44.562,8.9124,379.04380000000003,0.6650400000000001,0.8704063999999997,2670017,3,2769.7
C:\Users\21544\Desktop\zhishan\spz\juyuan_v2.spz,24133da7801ff5986c350dcc96064cd8e32ecba5226507a68420d698f2c54f2c,52605719,1920x1080,2,jpeg85,0,30,3,3564.5076999971934,302.6619,86315,2670015,25559040,108965888,908150783,49.245566694493576,0.9989472095998823,48,0.12324347350823045,False,0.03906057098765432,35.303679092754074,0.9865853972384122,8294400,0,52.31925,57.389745,6.58425,7.993499999999998,0.66528,0.9190688,0.000896,0.0011376,2.3890979999999997,2.6381026,7.281499999999999,7.785565,66.16714999999999,72.717705,1.618432045,0.3791680038,0.5964800119,20.019711495,1.0643200275,7.1133555,46.2812645,138.104,69.052,34.526,6.9052,388.0369,0.666208,0.919936,2670017,3,2769.7
C:\Users\21544\Desktop\zhishan\spz\juyuan_v2.spz,24133da7801ff5986c350dcc96064cd8e32ecba5226507a68420d698f2c54f2c,52605719,1920x1080,2,jpeg70,0,30,3,3564.5076999971934,308.6511,75810,2670015,25559040,108879872,908150783,43.87698613768623,0.8714697952515733,64,1.127969714506173,False,0.03906057098765432,31.81966926847362,0.9280327789287136,8294400,0,52.366150000000005,55.449934999999996,6.58535,7.211179999999999,0.6570720000000001,0.8666591999999996,0.000896,0.0009807999999999998,2.382022,2.594109,7.0794,7.8015099999999995,66.1888,69.52626,1.619968057,0.3787200004,0.5964800119,20.40371132,1.081872046,7.0200955,46.62889,121.296,60.648,30.324,6.0648,393.8718,0.6580000000000001,0.8674767999999997,2670017,3,2769.7
C:\Users\21544\Desktop\zhishan\spz\juyuan_v2.spz,24133da7801ff5986c350dcc96064cd8e32ecba5226507a68420d698f2c54f2c,52605719,1920x1080,2,jpeg50,0,30,3,3564.5076999971934,248.9555,70121,2670015,25559040,108957696,908150783,43.796728070983406,0.9971081725905949,94,0.22144338348765433,False,0.03906057098765432,29.817571570817112,0.963076243500657,8294400,0,52.710049999999995,55.25738,5.922,6.75153,0.665328,0.8642399999999997,0.000896,0.000928,2.316466,2.6163744,7.02455,7.601265,65.723,68.365875,1.618432045,0.38014400010000005,0.595968008,20.367872239999997,1.0738239885,6.985307,46.283358,112.1936,56.0968,28.0484,5.60968,332.1742,0.666208,0.8650287999999996,2670017,3,2769.7
C:\Users\21544\Desktop\zhishan\zhihuizhimen.ply,d86fa4be8a412f3b78169ccb3dd25044397fb1d2dd3f275c27497b6b39d3a669,923849202,1920x1080,2,f32,0,30,3,6064.251399999193,248.1229,133644822,3904214,364969984,705941504,1331053655,71.88990136407608,0.9999912318448225,3,0.0041547710905349795,False,0.057258391203703705,59.852608020556765,0.9999429769967704,156168560,1,1464.3851,1648.08972,379.80955,446.5935299999999,24.150432000000002,49.5529344,11.333712,24.3782384,3.163878,4.7174249999999995,98.06370000000001,149.391125,1965.6278499999999,2163.76672,36.302846904999996,6.4009599685000005,7.188480139,0.0,24.28783989,893.0547604999999,1088.0001845,213831.7152,106915.8576,53457.9288,10691.58576,2241.9018,32.737792,72.54881280000001,3914609,3,5233.52
C:\Users\21544\Desktop\zhishan\zhihuizhimen.ply,d86fa4be8a412f3b78169ccb3dd25044397fb1d2dd3f275c27497b6b39d3a669,923849202,1920x1080,2,f16,0,30,3,6064.251399999193,345.527,67535232,3904214,364969984,640016384,1331053655,33.42427477002565,0.9913684434209741,224,0.6797865226337448,False,0.057258391203703705,21.00539865919174,0.9408123340486328,78084280,1,950.68145,1093.96202,270.67045,326.62767499999995,23.806848000000002,25.8325344,7.581024,12.624604799999995,2.996868,4.481539399999999,88.3995,144.40970499999995,1337.96625,1473.917285,35.22150421,6.072639942,7.1987199785,0.0,24.2084322,568.446422,718.3264245,108056.3712,54028.1856,27014.0928,5402.81856,1884.6928,31.85664,38.45713919999999,3914609,3,5233.52
C:\Users\21544\Desktop\zhishan\zhihuizhimen.ply,d86fa4be8a412f3b78169ccb3dd25044397fb1d2dd3f275c27497b6b39d3a669,923849202,1920x1080,2,q20,0,30,3,6064.251399999193,330.7897,65489683,3904214,364969984,637906944,1331053655,54.12046660941893,0.9998801878521587,34,0.07046746399176955,False,0.057258391203703705,41.70992413044913,0.9991815081052232,78084280,1,1142.43145,1239.96095,308.03165,387.70788,23.666656,25.6753552,8.76032,12.401952,3.031838,3.82956,89.72579999999999,111.68668499999997,1554.6102,1662.4590199999998,35.592191695,6.06870389,7.330816030499999,0.0,24.26043224,751.7869625000001,936.3272509999999,104783.4928,52391.7464,26195.8732,5239.17464,1849.5272,32.595456,37.3486592,3914609,3,5233.52
C:\Users\21544\Desktop\zhishan\zhihuizhimen.ply,d86fa4be8a412f3b78169ccb3dd25044397fb1d2dd3f275c27497b6b39d3a669,923849202,1920x1080,2,q16,0,30,3,6064.251399999193,355.3376,53894209,3904214,364969984,626319360,1331053655,54.10888382511015,0.9998789839320098,34,0.07101514274691358,False,0.057258391203703705,41.69860571447988,0.9991751857293946,62467424,1,917.49235,1024.288425,269.47929999999997,344.999065,23.67928,25.536160000000002,8.124544,10.925772799999999,2.998304,3.4862428,90.69720000000001,101.58585,1279.2310499999999,1429.55212,33.70188713,5.971536159499999,7.4434559345,0.0,24.308959960000003,557.5635844999999,743.3225170000001,86230.7344,43115.3672,21557.6836,4311.53672,1680.383,32.346624,34.96616959999999,3914609,3,5233.52
C:\Users\21544\Desktop\zhishan\zhihuizhimen.ply,d86fa4be8a412f3b78169ccb3dd25044397fb1d2dd3f275c27497b6b39d3a669,923849202,1920x1080,2,rgba,0,30,3,6064.251399999193,378.1594,416774,3904214,25559040,108408832,1331053655,,1.0,0,0.0,True,0.057258391203703705,,1.0,8294400,1,71.64394999999999,78.27395999999999,3.4574499999999997,4.199965,0.665856,0.6681775999999999,0.000896,0.0011935999999999995,2.30402,2.5143926,7.1429,7.74657,82.63820000000001,89.175615,2.3587840795,0.5059359968,0.8806399703,21.63865662,1.005775988,15.7481135,61.991156000000004,666.8384,333.4192,166.7096,33.34192,491.50800000000004,0.666736,0.6694768,3914609,3,5233.52
C:\Users\21544\Desktop\zhishan\zhihuizhimen.ply,d86fa4be8a412f3b78169ccb3dd25044397fb1d2dd3f275c27497b6b39d3a669,923849202,1920x1080,2,jpeg95,0,30,3,6064.251399999193,287.9942,166478,3904214,25559040,109211648,1331053655,50.83974030710655,0.9994796652826609,22,0.13538966049382717,False,0.057258391203703705,38.50756874462284,0.9964801976898633,8294400,0,59.793000000000006,62.0416,6.4702,7.832084999999997,0.665968,0.8048479999999999,0.000896,0.000928,2.373768,2.677898,7.0311,7.66584,73.4804,75.60091,2.359808087,0.5073119998,0.8867840171,21.660672185,1.0307199955000002,7.3853245,53.5238865,266.3648,133.1824,66.5912,13.31824,373.88,0.666896,0.8056159999999999,3914609,3,5233.52
C:\Users\21544\Desktop\zhishan\zhihuizhimen.ply,d86fa4be8a412f3b78169ccb3dd25044397fb1d2dd3f275c27497b6b39d3a669,923849202,1920x1080,2,jpeg85,0,30,3,6064.251399999193,249.4816,116323,3904214,25559040,108920832,1331053655,44.94180542467072,0.9983113853417498,54,0.2673360339506173,False,0.057258391203703705,32.58365773150922,0.9885123023410513,8294400,0,58.76905,61.32756,6.8332,7.19835,0.667184,0.7357439999999997,0.000928,0.00096,2.3868099999999997,2.6202678,6.9841,7.560254999999999,72.32034999999999,75.5297,2.362880111,0.5047039986,0.8867840171,21.08211231,1.041631997,7.1817275,52.626954,186.1168,93.0584,46.5292,9.30584,348.1687,0.668112,0.7366511999999996,3914609,3,5233.52
C:\Users\21544\Desktop\zhishan\zhihuizhimen.ply,d86fa4be8a412f3b78169ccb3dd25044397fb1d2dd3f275c27497b6b39d3a669,923849202,1920x1080,2,jpeg70,0,30,3,6064.251399999193,351.2438,95858,3904214,25559040,109015040,1331053655,40.5847330144087,0.8727819402178962,120,1.3293534593621399,False,0.057258391203703705,28.989952913432685,0.9079328156536759,8294400,0,60.36165,62.319964999999996,5.97015,6.9004199999999996,0.6712480000000001,0.807744,0.0009760000000000001,0.0010095999999999998,2.35022,2.692078,6.98705,7.78725,73.7654,75.3528,2.361344099,0.5065920054999999,0.8878080249,21.957119945000002,1.0525760055000002,7.2062,53.739911500000005,153.3728,76.6864,38.3432,7.66864,443.4549,0.6722239999999999,0.8085264,3914609,3,5233.52
C:\Users\21544\Desktop\zhishan\zhihuizhimen.ply,d86fa4be8a412f3b78169ccb3dd25044397fb1d2dd3f275c27497b6b39d3a669,923849202,1920x1080,2,jpeg50,0,30,3,6064.251399999193,342.6378,84758,3904214,25559040,108896256,1331053655,39.04512547878409,0.9948209794240105,92,0.5132791602366256,False,0.057258391203703705,26.668759970546517,0.9647169563427466,8294400,0,59.1648,61.04706,6.5409500000000005,6.879085,0.673728,0.6764560000000001,0.000992,0.000992,2.367654,2.6304048,6.9927,7.504589999999999,72.77285,74.76844,2.3587840795,0.5052639842,0.8867840171,21.309439660000002,1.0444000365,7.1978314999999995,52.9913945,135.6128,67.8064,33.9032,6.78064,445.60130000000004,0.674704,0.677448,3914609,3,5233.52
