model,sha256,model_bytes,resolution,view,profile,raw,measured_repeats,warmup_discarded,model_ready_ms,packet_bytes,visible_splats,client_committed_resource_bytes,peak_working_set_bytes,server_peak_gpu_bytes,rgb_psnr_db,rgb_ssim,max_channel_error,mean_absolute_error,identical,foreground_fraction,foreground_psnr_db,crop_ssim,unpacked_bytes,compression_flag,network_ms_p50,network_ms_p95,decode_ms_p50,decode_ms_p95,gpu_upload_ms_p50,gpu_upload_ms_p95,gpu_draw_ms_p50,gpu_draw_ms_p95,capture_ms_p50,capture_ms_p95,render_wall_ms_p50,render_wall_ms_p95,ready_with_capture_ms_p50,ready_with_capture_ms_p95,server_project_ms_p50,server_sort_ms_p50,server_gather_ms_p50,server_draw_ms_p50,server_readback_ms_p50,server_encode_ms_p50,server_server_ms_p50,theoretical_5mbps_ms,theoretical_10mbps_ms,theoretical_20mbps_ms,theoretical_100mbps_ms,client_init_ms,cold_client_init_plus_ready_ms,client_upload_plus_draw_ms_p50,client_upload_plus_draw_ms_p95,source_splats,source_sh_degree,load_upload_ms
C:\Users\21544\Desktop\zhishan\spz\juyuan_v2.spz,24133da7801ff5986c350dcc96064cd8e32ecba5226507a68420d698f2c54f2c,52605719,1280x720,2,f32,0,30,3,3594.7008000002825,95557365,2670015,237109248,603095040,908150783,74.79862315847913,0.9999905314782578,3,0.0021357783564814816,False,0.039110243055555556,61.674250248254964,0.9998885875899383,106800600,1,921.7635,1041.884635,247.583,253.54440499999998,16.095904,33.2039536,9.47784,15.998777599999999,1.3137240000000001,1.8774259999999998,53.645250000000004,89.033295,1226.81855,1345.858935,24.159231185000003,4.1439840795,4.819455862,0.0,16.608320235,489.27524700000004,623.8914725,152891.784,76445.892,38222.946,7644.5892,254.6844,1582.3949,24.336896,48.5889024,2670017,3,2984.36
C:\Users\21544\Desktop\zhishan\spz\juyuan_v2.spz,24133da7801ff5986c350dcc96064cd8e32ecba5226507a68420d698f2c54f2c,52605719,1280x720,2,f16,0,30,3,3594.7008000002825,47523027,2670015,237109248,501788672,908150783,47.28193912455239,0.9994269117483321,113,0.10889539930555556,False,0.039110243055555556,33.21915512118184,0.9926053380875329,53400300,1,587.4647,641.5774099999999,172.82255,175.659385,15.862432,16.946742399999998,6.886176,10.103500799999999,1.293628,1.4180009999999998,54.564499999999995,61.53641,814.2320500000001,873.90688,24.09011173,4.2235360145,4.9356799124999995,0.0,16.637231825,294.3067065,422.407641,76036.8432,38018.4216,19009.2108,3801.84216,251.9529,1001.4716,22.648832000000002,26.218444799999997,2670017,3,2984.36
C:\Users\21544\Desktop\zhishan\spz\juyuan_v2.spz,24133da7801ff5986c350dcc96064cd8e32ecba5226507a68420d698f2c54f2c,52605719,1280x720,2,q20,0,30,3,3594.7008000002825,47715974,2670015,237109248,501907456,908150783,60.79374350484947,0.9999625642080985,21,0.022437427662037036,False,0.039110243055555556,46.76784619057615,0.9995274901915261,53400300,1,712.5568499999999,770.5498299999999,205.4425,207.67833,16.00272,17.2874208,7.982799999999999,11.7624016,1.3132899999999998,1.5941385999999995,54.45825,68.41942999999998,976.1092,1031.5061600000001,24.41625595,4.2235519885,4.916736126,0.0,16.776415825,414.175016,543.908442,76345.5584,38172.7792,19086.3896,3817.27792,260.875,1220.0848999999998,23.817728000000002,28.333926399999996,2670017,3,2984.36
C:\Users\21544\Desktop\zhishan\spz\juyuan_v2.spz,24133da7801ff5986c350dcc96064cd8e32ecba5226507a68420d698f2c54f2c,52605719,1280x720,2,q16,0,30,3,3594.7008000002825,37679059,2670015,237109248,481058816,908150783,60.71910175101937,0.9999610159479712,21,0.023257016782407408,False,0.039110243055555556,46.69287493281527,0.9995091665843393,42720240,1,604.7636,649.3358949999999,187.79874999999998,188.990725,16.516240000000003,17.185935999999998,7.1722079999999995,8.9865088,1.326562,1.5956484,55.808,62.100944999999996,852.2895000000001,893.829225,24.330752375,4.171423912,4.973567962500001,0.0,16.71668816,328.510032,461.86519150000004,60286.4944,30143.2472,15071.6236,3014.32472,261.9143,1077.5885,23.280127999999998,26.0589568,2670017,3,2984.36
C:\Users\21544\Desktop\zhishan\spz\juyuan_v2.spz,24133da7801ff5986c350dcc96064cd8e32ecba5226507a68420d698f2c54f2c,52605719,1280x720,2,rgba,0,30,3,3594.7008000002825,129042,2670015,11468800,91463680,908150783,,1.0,0,0.0,True,0.039110243055555556,,1.0,3686400,1,58.446749999999994,62.821175000000004,1.5298500000000002,1.60805,0.30384,0.30563039999999997,0.000896,0.00096,1.024676,1.1338252,4.39935,4.7635499999999995,64.5787,68.99109,1.622015953,0.37879998985,0.5990399718,24.259583475,0.5340960026,1.732357,44.310676,206.4672,103.2336,51.6168,10.32336,263.3267,332.7556,0.304736,0.3065552,2670017,3,2984.36
C:\Users\21544\Desktop\zhishan\spz\juyuan_v2.spz,24133da7801ff5986c350dcc96064cd8e32ecba5226507a68420d698f2c54f2c,52605719,1280x720,2,jpeg95,0,30,3,3594.7008000002825,55023,2670015,11468800,92876800,908150783,53.709974990798415,0.9996211769083013,21,0.07880859375,False,0.039110243055555556,39.84217120857962,0.9953393415618229,3686400,0,58.0405,62.472635,3.35175,3.847815,0.305008,0.3065984,0.000896,0.0013935999999999998,1.012364,1.1172666,4.3389,4.6686499999999995,65.88475,70.42809,1.618944049,0.40312001109999995,0.5990399718,23.774720195,0.5365439951,3.245159,46.05726249999999,88.0368,44.0184,22.0092,4.40184,253.3845,340.8951,0.306016,0.30779839999999997,2670017,3,2984.36
C:\Users\21544\Desktop\zhishan\spz\juyuan_v2.spz,24133da7801ff5986c350dcc96064cd8e32ecba5226507a68420d698f2c54f2c,52605719,1280x720,2,jpeg85,0,30,3,3594.7008000002825,41635,2670015,11468800,92860416,908150783,47.903213080438604,0.9988547929148809,45,0.15066261574074075,False,0.039110243055555556,33.98426119894329,0.9857659889678198,3686400,0,57.466300000000004,59.50569,3.6435000000000004,3.8463399999999996,0.303504,0.3047536,0.000896,0.000928,1.026796,1.2479818,4.4314,5.09652,65.66465,67.62018,1.619456053,0.3792960048,0.5990399718,23.915007590000002,0.5141919851500001,3.1801765,45.3686675,66.616,33.308,16.654,3.3308,250.2044,320.1037,0.304384,0.305632,2670017,3,2984.36
C:\Users\21544\Desktop\zhishan\spz\juyuan_v2.spz,24133da7801ff5986c350dcc96064cd8e32ecba5226507a68420d698f2c54f2c,52605719,1280x720,2,jpeg70,0,30,3,3594.7008000002825,36096,2670015,11468800,92954624,908150783,42.894611285919034,0.8714855943990458,63,1.1691294126157408,False,0.039110243055555556,30.409305629362237,0.927934168631273,3686400,0,58.16485,61.210625,3.2435,3.660275,0.30036799999999997,0.3016816,0.000896,0.0010127999999999997,1.023904,1.1360565999999996,4.41625,4.603415,65.95115,68.96063,1.618944049,0.38215999305000004,0.6000639796,24.133631705,0.5452800095,3.1776609999999996,45.718215,57.7536,28.8768,14.4384,2.88768,250.5612,325.1515,0.30128,0.302592,2670017,3,2984.36
C:\Users\21544\Desktop\zhishan\spz\juyuan_v2.spz,24133da7801ff5986c350dcc96064cd8e32ecba5226507a68420d698f2c54f2c,52605719,1280x720,2,jpeg50,0,30,3,3594.7008000002825,32961,2670015,11468800,92889088,908150783,42.24353543303481,0.9967747767142406,83,0.276722728587963,False,0.039110243055555556,28.277058239851804,0.9596406768174193,3686400,0,57.85935,60.03239,3.3287,3.66283,0.303232,0.3055344,0.000896,0.0009983999999999998,1.0093999999999999,1.2100635999999998,4.3891,4.956735,65.57284999999999,67.62297,1.619456053,0.37928000095000003,0.5995519757000001,24.158207894999997,0.5107840001499999,3.145945,45.4172815,52.7376,26.3688,13.1844,2.63688,253.9735,336.286,0.304224,0.30644479999999996,2670017,3,2984.36
C:\Users\21544\Desktop\zhishan\spz\juyuan_v2.spz,24133da7801ff5986c350dcc96064cd8e32ecba5226507a68420d698f2c54f2c,52605719,1920x1080,2,f32,0,30,3,3594.7008000002825,95510980,2670015,266272768,607682560,908150783,75.15083850039974,0.9999884838736839,3,0.0019741833847736626,False,0.03906057098765432,62.14362955315673,0.9998622363407179,106800600,1,960.5936999999999,1062.0786999999998,250.7111,257.62362,16.6008,32.7958624,11.703327999999999,23.265015999999992,3.008384,4.2636997999999995,69.42085,101.42073999999998,1268.2582,1416.68394,24.592896465,4.377680063,4.9551360605,0.0,16.727808,517.182481,663.3496025,152817.568,76408.784,38204.392,7640.8784,248.9539,1542.7246,28.357632000000002,54.41418239999998,2670017,3,2984.36
C:\Users\21544\Desktop\zhishan\spz\juyuan_v2.spz,24133da7801ff5986c350dcc96064cd8e32ecba5226507a68420d698f2c54f2c,52605719,1920x1080,2,f16,0,30,3,3594.7008000002825,47665269,2670015,266272768,506462208,908150783,44.164123401688265,0.9987430672867864,228,0.1308495691872428,False,0.03906057098765432,30.094066246475933,0.9836366668275233,53400300,1,588.37545,633.762395,173.16165,183.94064,15.837312,16.99416,8.334688,12.257387199999998,2.963342,3.1926742,63.67475,75.58517,831.0544,872.20165,24.016384125000002,4.094016075,4.9464318755,0.0,16.6569128,292.00410550000004,421.266698,76264.4304,38132.2152,19066.1076,3813.22152,278.9691,1090.5734,24.77312,28.561919999999997,2670017,3,2984.36
C:\Users\21544\Desktop\zhishan\spz\juyuan_v2.spz,24133da7801ff5986c350dcc96064cd8e32ecba5226507a68420d698f2c54f2c,52605719,1920x1080,2,q20,0,30,3,3594.7008000002825,48127593,2670015,266272768,506859520,908150783,62.52359127283975,0.9999644890105824,32,0.016618280606995883,False,0.03906057098765432,48.51237588677036,0.9995497262119244,53400300,1,735.3046,784.4191599999999,208.2144,212.19689,16.167504,18.022279999999995,9.028848,19.92523199999999,2.973712,4.12837,59.6665,85.50564499999996,1008.8142,1059.34514,24.17152023,4.389039993,4.9116160870000005,0.0,16.619487765000002,441.9252405,573.5483605,77004.1488,38502.0744,19251.0372,3850.20744,354.504,1321.9854,25.427456,40.77665279999999,2670017,3,2984.36
C:\Users\21544\Desktop\zhishan\spz\juyuan_v2.spz,24133da7801ff5986c350dcc96064cd8e32ecba5226507a68420d698f2c54f2c,52605719,1920x1080,2,q16,0,30,3,3594.7008000002825,38076827,2670015,266272768,486367232,908150783,62.35932666263328,0.9999610968802886,32,0.01784400720164609,False,0.03906057098765432,48.345609101069094,0.9995059538157379,42720240,1,599.1453,674.6529599999999,189.821,195.295785,16.156399999999998,17.5469696,8.64016,15.782703999999992,2.959406,3.1610749999999994,64.7164,81.43275499999997,851.5227500000001,936.8557649999999,24.186880115,4.130255937499999,4.8071680064999995,0.0,16.626272205,329.94063800000004,456.732935,60922.9232,30461.4616,15230.7308,3046.14616,316.5835,1126.3383000000001,25.056768,32.49428479999999,2670017,3,2984.36
C:\Users\21544\Desktop\zhishan\spz\juyuan_v2.spz,24133da7801ff5986c350dcc96064cd8e32ecba5226507a68420d698f2c54f2c,52605719,1920x1080,2,rgba,0,30,3,3594.7008000002825,279492,2670015,25559040,110239744,908150783,,1.0,0,0.0,True,0.03906057098765432,,1.0,8294400,1,49.8729,53.88435499999999,5.169449999999999,5.717294999999999,0.665552,0.6702848,0.000896,0.000928,2.326158,2.6269952,7.1817,7.881144999999999,62.5346,66.37711,1.617920041,0.38126400115000003,0.6041600108,19.553279875,1.0098400115000001,4.208745,42.486125,447.1872,223.5936,111.7968,22.35936,377.0316,467.67730000000006,0.6664640000000001,0.6711808,2670017,3,2984.36
C:\Users\21544\Desktop\zhishan\spz\juyuan_v2.spz,24133da7801ff5986c350dcc96064cd8e32ecba5226507a68420d698f2c54f2c,52605719,1920x1080,2,jpeg95,0,30,3,3594.7008000002825,111405,2670015,25559040,111554560,908150783,54.87869422578405,0.9996305564726246,23,0.06656667952674897,False,0.03906057098765432,40.98451154261475,0.9953221862000668,8294400,0,51.4166,55.611135000000004,6.13,7.996774999999999,0.673952,0.8128736,0.000896,0.000928,2.4137959999999996,2.655606,7.25455,7.87322,64.98230000000001,69.000335,1.621503949,0.37803199885,0.5964800119,19.206656455,1.0021600125,7.25376,44.952181499999995,178.248,89.124,44.562,8.9124,325.6931,414.9819,0.674864,0.8136528,2670017,3,2984.36
C:\Users\21544\Desktop\zhishan\spz\juyuan_v2.spz,24133da7801ff5986c350dcc96064cd8e32ecba5226507a68420d698f2c54f2c,52605719,1920x1080,2,jpeg85,0,30,3,3594.7008000002825,86315,2670015,25559040,111366144,908150783,49.245566694493576,0.9989472095998823,48,0.12324347350823045,False,0.03906057098765432,35.303679092754074,0.9865853972384122,8294400,0,50.7161,53.19169,6.0135000000000005,6.9457699999999996,0.6644,0.8634447999999997,0.000896,0.000928,2.389262,2.5671388,7.1572499999999994,7.721909999999999,64.55584999999999,66.58083,1.622527957,0.37745600935,0.5949440002,18.80319977,1.0085600019999998,7.1183295,44.5036645,138.104,69.052,34.526,6.9052,318.6242,415.3583,0.6652800000000001,0.8642303999999996,2670017,3,2984.36
C:\Users\21544\Desktop\zhishan\spz\juyuan_v2.spz,24133da7801ff5986c350dcc96064cd8e32ecba5226507a68420d698f2c54f2c,52605719,1920x1080,2,jpeg70,0,30,3,3594.7008000002825,75810,2670015,25559040,111497216,908150783,43.87698613768623,0.8714697952515733,64,1.127969714506173,False,0.03906057098765432,31.81966926847362,0.9280327789287136,8294400,0,51.77535,56.97782999999998,6.48875,6.936349999999999,0.6672640000000001,0.9336144,0.000896,0.0009455999999999999,2.4737720000000003,2.6452848,7.4127,7.934765,66.03075,70.93459499999999,1.622015953,0.37799999120000005,0.5949440002,19.875328064999998,1.0175040365,7.0612505,45.883266500000005,121.296,60.648,30.324,6.0648,273.8688,364.0906,0.668192,0.9344783999999999,2670017,3,2984.36
C:\Users\21544\Desktop\zhishan\spz\juyuan_v2.spz,24133da7801ff5986c350dcc96064cd8e32ecba5226507a68420d698f2c54f2c,52605719,1920x1080,2,jpeg50,0,30,3,3594.7008000002825,70121,2670015,25559040,111538176,908150783,43.796728070983406,0.9971081725905949,94,0.22144338348765433,False,0.03906057098765432,29.817571570817112,0.963076243500657,8294400,0,51.16005,55.957555,5.8462499999999995,6.4106,0.666464,0.9341504,0.000896,0.0009455999999999999,2.3639460000000003,2.527273,7.18825,7.9068249999999995,64.39075,69.526365,1.620991945,0.3786880076,0.5949440002,18.998784065000002,0.9815199970999999,7.061768,44.79176,112.1936,56.0968,28.0484,5.60968,352.2761,435.9829,0.667376,0.9350352000000001,2670017,3,2984.36
C:\Users\21544\Desktop\zhishan\zhihuizhimen.ply,d86fa4be8a412f3b78169ccb3dd25044397fb1d2dd3f275c27497b6b39d3a669,923849202,1280x720,2,f32,0,30,3,6655.62940000018,133753638,3904214,335806464,691847168,1331053655,71.34005676123766,0.9999922013699866,3,0.004716796875,False,0.05736436631944444,59.264928108320504,0.9999494867329943,156168560,1,1492.98625,1709.4803199999997,423.7358,506.096345,24.811552,50.97597439999999,10.199584000000002,19.40672,1.821224,3.179845799999997,121.214,174.754665,2018.9442,2237.44294,36.46208,5.819952011,7.143424034000001,0.0,24.18027115,891.357994,1113.958881,214005.8208,107002.9104,53501.4552,10700.29104,250.4859,2244.1939,35.941376000000005,69.1477504,3914609,3,5300.98
C:\Users\21544\Desktop\zhishan\zhihuizhimen.ply,d86fa4be8a412f3b78169ccb3dd25044397fb1d2dd3f275c27497b6b39d3a669,923849202,1280x720,2,f16,0,30,3,6655.62940000018,67199273,3904214,335806464,625745920,1331053655,36.201160135640144,0.9943331840348884,162,0.5712058738425926,False,0.05736436631944444,23.79012519410174,0.9615581034274276,78084280,1,905.9884,1139.9068299999997,294.8429,389.26358999999997,23.787216,25.9294112,7.101344,11.637022399999998,1.540536,2.2332834,101.65955,181.56481999999994,1301.68215,1618.6304300000002,35.3320961,6.0394239425,7.4757118225,0.0,24.24425602,484.541625,687.1001335000001,107518.8368,53759.4184,26879.7092,5375.94184,275.1516,1631.1664999999998,31.103488,36.581171199999986,3914609,3,5300.98
C:\Users\21544\Desktop\zhishan\zhihuizhimen.ply,d86fa4be8a412f3b78169ccb3dd25044397fb1d2dd3f275c27497b6b39d3a669,923849202,1280x720,2,q20,0,30,3,6655.62940000018,64706546,3904214,335806464,622940160,1331053655,52.85216814082263,0.9998425564063416,24,0.08548068576388888,False,0.05736436631944444,40.44821619195582,0.9989344217403874,78084280,1,1113.7222000000002,1269.630515,313.86305,360.99465499999997,23.91888,47.4913312,7.58608,16.276948799999985,1.407376,2.1353001999999996,90.77170000000001,150.67507499999996,1531.9874,1777.455975,34.83699226,5.9861280914999995,8.362496138000001,0.0,24.225839614999998,681.2705305,887.3772715,103530.4736,51765.2368,25882.6184,5176.52368,272.0932,1753.0849,31.689216000000002,64.34826239999998,3914609,3,5300.98
C:\Users\21544\Desktop\zhishan\zhihuizhimen.ply,d86fa4be8a412f3b78169ccb3dd25044397fb1d2dd3f275c27497b6b39d3a669,923849202,1280x720,2,q16,0,30,3,6655.62940000018,53061263,3904214,335806464,611573760,1331053655,52.8439674045348,0.9998416326742213,24,0.0857736545138889,False,0.05736436631944444,40.44023960932344,0.9989300780536371,62467424,1,905.73005,1036.54738,296.3935,375.338525,23.780624,24.4739888,7.64928,10.182756799999995,1.44632,2.2483855999999998,92.9143,154.73748499999994,1286.22035,1537.885585,34.123264315,5.961551905,7.3681919575000006,0.0,23.534640315,555.4823935,724.4780069999999,84898.0208,42449.0104,21224.5052,4244.90104,285.2305,1598.8546999999999,31.33696,34.443827199999994,3914609,3,5300.98
C:\Users\21544\Desktop\zhishan\zhihuizhimen.ply,d86fa4be8a412f3b78169ccb3dd25044397fb1d2dd3f275c27497b6b39d3a669,923849202,1280x720,2,rgba,0,30,3,6655.62940000018,189005,3904214,11468800,91607040,1331053655,,1.0,0,0.0,True,0.05736436631944444,,1.0,3686400,1,65.4328,71.91241000000001,1.67825,1.993335,0.29635199999999995,0.297904,0.000928,0.0013151999999999999,1.063332,1.1983696,4.58395,4.99577,71.6912,78.598415,2.362368107,0.50811201335,0.8862720131999999,25.317376135,0.54331201315,1.9813265,51.575635000000005,302.408,151.204,75.602,15.1204,266.7196,354.1486,0.297408,0.2988144,3914609,3,5300.98
C:\Users\21544\Desktop\zhishan\zhihuizhimen.ply,d86fa4be8a412f3b78169ccb3dd25044397fb1d2dd3f275c27497b6b39d3a669,923849202,1280x720,2,jpeg95,0,30,3,6655.62940000018,79564,3904214,11468800,93196288,1331053655,50.277451182224404,0.9994353787478096,21,0.14696650752314816,False,0.05736436631944444,37.99213990983445,0.9962245991028599,3686400,0,64.2324,66.30051,3.9457500000000003,4.623099999999999,0.296672,0.2973152,0.000896,0.000928,1.00251,1.1795811999999997,4.3355,4.67022,72.65585,74.779325,2.359296083,0.503008008,0.8847360015,25.86470318,0.5392319858000001,3.3268519999999997,52.447888,127.3024,63.6512,31.8256,6.36512,254.503,347.647,0.29758399999999996,0.298328,3914609,3,5300.98
C:\Users\21544\Desktop\zhishan\zhihuizhimen.ply,d86fa4be8a412f3b78169ccb3dd25044397fb1d2dd3f275c27497b6b39d3a669,923849202,1280x720,2,jpeg85,0,30,3,6655.62940000018,55204,3904214,11468800,92909568,1331053655,44.37577229529239,0.9981515679965206,52,0.2903059895833333,False,0.05736436631944444,32.0552680443614,0.9875621664982795,3686400,0,64.30709999999999,70.586865,3.7931,4.16465,0.29696,0.2976992,0.000928,0.000928,0.991292,1.2327754,4.2578,4.721769999999999,72.64835,78.58602499999999,2.3690240385,0.5025440156000001,0.8857600093,25.536512375,0.54257598515,3.224959,52.21261,88.3264,44.1632,22.0816,4.41632,343.4883,436.24249999999995,0.297872,0.2986272,3914609,3,5300.98
C:\Users\21544\Desktop\zhishan\zhihuizhimen.ply,d86fa4be8a412f3b78169ccb3dd25044397fb1d2dd3f275c27497b6b39d3a669,923849202,1280x720,2,jpeg70,0,30,3,6655.62940000018,45232,3904214,11468800,92999680,1331053655,39.89367605594231,0.8726332992922313,77,1.376607349537037,False,0.05736436631944444,28.203956397485864,0.9063201474406298,3686400,0,64.3377,67.90352,3.7591,4.720039999999998,0.29672,0.297784,0.000912,0.000992,1.0058880000000001,1.2911400000000002,4.3555,4.724705,72.61105,76.291665,2.358272076,0.50428798795,0.8867840171,25.455615995,0.5318240225499999,3.208648,52.5203295,72.3712,36.1856,18.0928,3.61856,254.9321,348.2291,0.297632,0.2986976,3914609,3,5300.98
C:\Users\21544\Desktop\zhishan\zhihuizhimen.ply,d86fa4be8a412f3b78169ccb3dd25044397fb1d2dd3f275c27497b6b39d3a669,923849202,1280x720,2,jpeg50,0,30,3,6655.62940000018,39555,3904214,11468800,92971008,1331053655,38.17990099227136,0.994171096873981,85,0.5785507089120371,False,0.05736436631944444,25.8311495112886,0.9606852421826483,3686400,0,65.02225,67.471885,3.6859,4.393224999999999,0.29825599999999997,0.3001216,0.000896,0.0010271999999999998,1.017768,1.1154587999999999,4.30995,4.761755,73.17320000000001,75.604855,2.359808087,0.5047200024,0.8857600093,25.67116833,0.5381439924,3.184553,52.9520155,63.288,31.644,15.822,3.1644,251.6314,336.11170000000004,0.299152,0.3009888,3914609,3,5300.98
C:\Users\21544\Desktop\zhishan\zhihuizhimen.ply,d86fa4be8a412f3b78169ccb3dd25044397fb1d2dd3f275c27497b6b39d3a669,923849202,1920x1080,2,f32,0,30,3,6655.62940000018,133644822,3904214,364969984,706150400,1331053655,71.88990136407608,0.9999912318448225,3,0.0041547710905349795,False,0.057258391203703705,59.852608020556765,0.9999429769967704,156168560,1,1524.4204,1714.9776499999998,399.24095,482.781395,24.205008,51.962977599999995,19.603679999999997,25.0164256,3.99176,5.318719,127.26095,178.94197999999997,2071.9113500000003,2279.776175,38.008831025,7.508816242,7.380480051,0.0,23.674207685,911.3388645,1125.3834765000001,213831.7152,106915.8576,53457.9288,10691.58576,309.9709,2228.3608,44.333056,74.8291584,3914609,3,5300.98
C:\Users\21544\Desktop\zhishan\zhihuizhimen.ply,d86fa4be8a412f3b78169ccb3dd25044397fb1d2dd3f275c27497b6b39d3a669,923849202,1920x1080,2,f16,0,30,3,6655.62940000018,67535232,3904214,364969984,639614976,1331053655,33.42427477002565,0.9913684434209741,224,0.6797865226337448,False,0.057258391203703705,21.00539865919174,0.9408123340486328,78084280,1,937.2443000000001,1050.679265,265.94455,325.09268,23.644544,43.04081759999997,8.499312,17.314091199999996,3.052034,4.547288999999999,91.74404999999999,137.18876,1310.5848,1445.9345150000001,34.026494979999995,5.9953119755,7.286272049000001,0.0,24.204591755,536.7811704999999,718.9417435,108056.3712,54028.1856,27014.0928,5402.81856,348.4698,1666.527,32.142336,61.89455359999998,3914609,3,5300.98
C:\Users\21544\Desktop\zhishan\zhihuizhimen.ply,d86fa4be8a412f3b78169ccb3dd25044397fb1d2dd3f275c27497b6b39d3a669,923849202,1920x1080,2,q20,0,30,3,6655.62940000018,65489683,3904214,364969984,637939712,1331053655,54.12046660941893,0.9998801878521587,34,0.07046746399176955,False,0.057258391203703705,41.70992413044913,0.9991815081052232,78084280,1,1113.9261999999999,1223.2249199999999,319.8906,348.33075499999995,23.890496,25.26708,9.328608,12.524422399999997,3.43389,4.2489545999999985,101.72025,143.829155,1556.03895,1659.80388,34.607616425,6.001568079,7.291392088,0.0,24.221792219999998,726.4071655,914.4628325,104783.4928,52391.7464,26195.8732,5239.17464,336.0064,1824.3966,32.864768,37.571071999999994,3914609,3,5300.98
C:\Users\21544\Desktop\zhishan\zhihuizhimen.ply,d86fa4be8a412f3b78169ccb3dd25044397fb1d2dd3f275c27497b6b39d3a669,923849202,1920x1080,2,q16,0,30,3,6655.62940000018,53894209,3904214,364969984,626524160,1331053655,54.10888382511015,0.9998789839320098,34,0.07101514274691358,False,0.057258391203703705,41.69860571447988,0.9991751857293946,62467424,1,920.79765,1014.02429,268.3585,349.03770499999996,23.725344,24.937815999999998,7.875024,12.841764799999993,2.98582,3.972459999999998,88.5736,142.09430999999998,1278.4828,1448.141635,34.03980827,6.0772321225,7.264768124,0.0,24.242272375,563.282558,732.911873,86230.7344,43115.3672,21557.6836,4311.53672,375.7926,1654.5638,32.029696,36.197478399999994,3914609,3,5300.98
C:\Users\21544\Desktop\zhishan\zhihuizhimen.ply,d86fa4be8a412f3b78169ccb3dd25044397fb1d2dd3f275c27497b6b39d3a669,923849202,1920x1080,2,rgba,0,30,3,6655.62940000018,416774,3904214,25559040,110559232,1331053655,,1.0,0,0.0,True,0.057258391203703705,,1.0,8294400,1,70.9937,75.55621,3.4396,4.224525,0.671008,0.7447167999999996,0.000896,0.0009631999999999999,2.337498,2.700088,7.0997,8.056845,81.68084999999999,87.48580999999999,2.359296083,0.50588801505,0.8734719753,21.198335649999997,0.9979200064,16.058217499999998,61.532924,666.8384,333.4192,166.7096,33.34192,345.0666,449.4126,0.6719040000000001,0.7455599999999997,3914609,3,5300.98
C:\Users\21544\Desktop\zhishan\zhihuizhimen.ply,d86fa4be8a412f3b78169ccb3dd25044397fb1d2dd3f275c27497b6b39d3a669,923849202,1920x1080,2,jpeg95,0,30,3,6655.62940000018,166478,3904214,25559040,111616000,1331053655,50.83974030710655,0.9994796652826609,22,0.13538966049382717,False,0.057258391203703705,38.50756874462284,0.9964801976898633,8294400,0,58.986149999999995,61.708415,7.1186,8.07167,0.664304,0.8077327999999993,0.000896,0.000928,2.371996,2.5300789999999997,7.04505,7.715295,73.0774,78.13317999999998,2.360832095,0.5025919973999999,0.8724480271,21.378047945,0.9729439914,7.3933215,53.2547875,266.3648,133.1824,66.5912,13.31824,344.581,454.2533,0.665184,0.8086079999999993,3914609,3,5300.98
C:\Users\21544\Desktop\zhishan\zhihuizhimen.ply,d86fa4be8a412f3b78169ccb3dd25044397fb1d2dd3f275c27497b6b39d3a669,923849202,1920x1080,2,jpeg85,0,30,3,6655.62940000018,116323,3904214,25559040,111390720,1331053655,44.94180542467072,0.9983113853417498,54,0.2673360339506173,False,0.057258391203703705,32.58365773150922,0.9885123023410513,8294400,0,59.25855,69.45778499999996,6.79775,8.314284999999996,0.6635519999999999,0.7357823999999996,0.000896,0.0009455999999999999,2.320432,2.5198638,7.0217,7.68969,73.4375,83.55957999999997,2.361344099,0.5054399967500001,0.8785920143,21.557248115,0.9757280052,7.2037385,53.304187999999996,186.1168,93.0584,46.5292,9.30584,329.3623,431.1723,0.66448,0.7366079999999996,3914609,3,5300.98
C:\Users\21544\Desktop\zhishan\zhihuizhimen.ply,d86fa4be8a412f3b78169ccb3dd25044397fb1d2dd3f275c27497b6b39d3a669,923849202,1920x1080,2,jpeg70,0,30,3,6655.62940000018,95858,3904214,25559040,111464448,1331053655,40.5847330144087,0.8727819402178962,120,1.3293534593621399,False,0.057258391203703705,28.989952913432685,0.9079328156536759,8294400,0,59.3669,62.253335,6.6906,6.9458649999999995,0.666928,0.7355839999999996,0.000912,0.0011055999999999998,2.3678600000000003,2.6403342,7.1526499999999995,7.63937,72.96379999999999,76.26164999999999,2.3633919955,0.5030719936,0.8791040182000001,21.596159935000003,0.98497599365,7.166665,53.0251035,153.3728,76.6864,38.3432,7.66864,338.3791,437.8038,0.667824,0.7364095999999997,3914609,3,5300.98
C:\Users\21544\Desktop\zhishan\zhihuizhimen.ply,d86fa4be8a412f3b78169ccb3dd25044397fb1d2dd3f275c27497b6b39d3a669,923849202,1920x1080,2,jpeg50,0,30,3,6655.62940000018,84758,3904214,25559040,111333376,1331053655,39.04512547878409,0.9948209794240105,92,0.5132791602366256,False,0.057258391203703705,26.668759970546517,0.9647169563427466,8294400,0,59.2792,62.01698,6.555400000000001,6.9150599999999995,0.665168,0.7372655999999996,0.000896,0.0011055999999999998,2.316934,2.6305823999999998,7.0526,7.802734999999999,72.8303,75.157645,2.3587840795,0.50472000245,0.8796160221,21.78355217,0.96096000075,7.083787,53.329411500000006,135.6128,67.8064,33.9032,6.78064,296.7648,396.6784,0.666064,0.7382815999999996,3914609,3,5300.98
