model,sha256,model_bytes,resolution,view,profile,raw,measured_repeats,warmup_discarded,model_ready_ms,packet_bytes,visible_splats,client_committed_resource_bytes,peak_working_set_bytes,server_peak_gpu_bytes,rgb_psnr_db,rgb_ssim,max_channel_error,mean_absolute_error,identical,unpacked_bytes,compression_flag,network_ms_p50,network_ms_p95,decode_ms_p50,decode_ms_p95,gpu_upload_ms_p50,gpu_upload_ms_p95,gpu_draw_ms_p50,gpu_draw_ms_p95,capture_ms_p50,capture_ms_p95,render_wall_ms_p50,render_wall_ms_p95,ready_with_capture_ms_p50,ready_with_capture_ms_p95,server_project_ms_p50,server_sort_ms_p50,server_gather_ms_p50,server_draw_ms_p50,server_readback_ms_p50,server_encode_ms_p50,server_server_ms_p50,theoretical_5mbps_ms,theoretical_10mbps_ms,theoretical_20mbps_ms,theoretical_100mbps_ms,foreground_fraction,foreground_psnr_db,crop_ssim,client_init_ms,cold_client_init_plus_ready_ms,client_upload_plus_draw_ms_p50,client_upload_plus_draw_ms_p95,source_splats,source_sh_degree,load_upload_ms
C:\Users\21544\Desktop\zhishan\changjin_v1.ply,7c7cb96bed46540483fdd488544dab77a6bf512d97621f1d6b02334793637b83,40310041,1280x720,0,f32,0,30,3,1374.584799999866,6171359,170797,37224448,125329408,58098855,71.01508663014414,0.9999445441026215,3,0.005135633680555555,False,6831880,1,98.11359999999999,125.57820499999994,24.192349999999998,24.919795,0.551504,0.6258463999999997,0.9228799999999999,1.3561247999999992,1.042078,1.2137176,8.60585,9.35521,131.1114,158.70692499999996,0.1249279976,0.1884640008,0.04915200174,0.0,0.85158398745,39.2774175,44.209878,9874.1744,4937.0872,2468.5436,493.70872,0.14477430555555557,63.117686583333864,0.9997040983065562,242.4332,388.6328,1.4745599999999999,1.9817983999999988,170799,3,482.501
C:\Users\21544\Desktop\zhishan\changjin_v1.ply,7c7cb96bed46540483fdd488544dab77a6bf512d97621f1d6b02334793637b83,40310041,1280x720,0,f16,0,30,3,1374.584799999866,3058542,170797,37224448,118984704,58098855,58.855226564142846,0.9997521487911977,35,0.04245261863425926,False,3415940,1,53.317350000000005,83.938555,15.73255,16.227759999999996,0.551248,1.0132784,0.921456,2.914168,1.077092,1.345324,8.6768,12.41607,78.2978,110.386855,0.1259520054,0.22003199904999998,0.05017599836,0.0,0.92857599255,15.8901075,20.6736385,4893.6672,2446.8336,1223.4168,244.68336,0.14477430555555557,50.563422481495365,0.9986495872650519,269.1688,367.4163,1.472512,3.924992,170799,3,482.501
C:\Users\21544\Desktop\zhishan\changjin_v1.ply,7c7cb96bed46540483fdd488544dab77a6bf512d97621f1d6b02334793637b83,40310041,1280x720,0,q20,0,30,3,1374.584799999866,3029770,170797,37224448,122978304,58098855,67.34181950702573,0.9999236391782945,6,0.010813802083333334,False,3415940,1,56.5298,83.465595,17.1127,17.44569,0.55392,1.0115952,0.9231199999999999,2.876190399999999,1.034884,1.3085786,9.0145,12.356619999999998,84.0078,109.90874999999998,0.1249279976,0.21990399805,0.05017599836,0.0,0.8631840049999999,22.742886,27.918813999999998,4847.632,2423.816,1211.908,242.3816,0.14477430555555557,59.23751779232906,0.9995911076447932,259.0157,359.64119999999997,1.4766080000000001,3.887411199999999,170799,3,482.501
C:\Users\21544\Desktop\zhishan\changjin_v1.ply,7c7cb96bed46540483fdd488544dab77a6bf512d97621f1d6b02334793637b83,40310041,1280x720,0,q16,0,30,3,1374.584799999866,2389495,170797,37224448,122503168,58098855,64.51061682982855,0.9998296685728336,6,0.02173140914351852,False,2732752,1,42.322050000000004,67.39493499999998,15.0607,15.39856,0.5525599999999999,1.0115824,0.9221280000000001,3.6893359999999977,1.04805,1.3792967999999997,8.850249999999999,13.51044,67.2306,91.64470499999999,0.1254400015,0.2467839941,0.05017599836,0.0,0.9259679913500001,19.383618,24.656236,3823.192,1911.596,955.798,191.1596,0.14477430555555557,56.268783490713545,0.9990696202888923,261.5921,354.8036,1.4745599999999999,4.700262399999997,170799,3,482.501
C:\Users\21544\Desktop\zhishan\changjin_v1.ply,7c7cb96bed46540483fdd488544dab77a6bf512d97621f1d6b02334793637b83,40310041,1280x720,0,rgba,0,30,3,1374.584799999866,277745,170797,11468800,91934720,63203114,,1.0,0,0.0,True,3686400,1,26.9912,28.35042,2.4096,2.7858599999999996,0.296624,0.3004016,0.00096,0.001185599999999999,1.05477,1.1949668,4.42995,4.76944,33.98985,35.577825,0.1249279976,0.21238400045,0.04915200174,4.6064639095,0.53721600775,3.3602945,14.114373,444.392,222.196,111.098,22.2196,0.14477430555555557,,1.0,259.1557,294.78470000000004,0.297584,0.3013616,170799,3,482.501
C:\Users\21544\Desktop\zhishan\changjin_v1.ply,7c7cb96bed46540483fdd488544dab77a6bf512d97621f1d6b02334793637b83,40310041,1280x720,0,jpeg95,0,30,3,1374.584799999866,52589,170797,11468800,92962816,63203114,57.64909302427875,0.9991485349241386,10,0.08576027199074074,False,3686400,0,26.232999999999997,27.777929999999998,3.5059,3.8259999999999996,0.296048,0.29833919999999997,0.00096,0.0013151999999999999,1.0256919999999998,1.2001464,4.357200000000001,4.87622,34.1411,36.021364999999996,0.1249279976,0.1706880033,0.05017599836,4.6489598755,0.5479680002,3.3607435,14.064169499999998,84.1424,42.0712,21.0356,4.20712,0.14477430555555557,49.52199745239187,0.9953671954725712,241.1346,296.6813,0.29710400000000003,0.299432,170799,3,482.501
C:\Users\21544\Desktop\zhishan\changjin_v1.ply,7c7cb96bed46540483fdd488544dab77a6bf512d97621f1d6b02334793637b83,40310041,1280x720,0,jpeg85,0,30,3,1374.584799999866,38836,170797,11468800,93097984,63203114,54.91747601755648,0.9985934856090984,19,0.12166087962962963,False,3686400,0,26.447699999999998,27.417099999999998,3.3633499999999996,3.886005,0.300528,0.3017952,0.00096,0.0012191999999999997,1.019344,1.2202336,4.3664000000000005,4.83827,34.166250000000005,35.722765,0.1249279976,0.3524799943,0.05017599836,4.7918081285,0.5361439884,3.316075,14.173420499999999,62.1376,31.0688,15.5344,3.10688,0.14477430555555557,46.78250088134693,0.9924694217846562,253.1881,301.8898,0.30148800000000003,0.3027552,170799,3,482.501
C:\Users\21544\Desktop\zhishan\changjin_v1.ply,7c7cb96bed46540483fdd488544dab77a6bf512d97621f1d6b02334793637b83,40310041,1280x720,0,jpeg70,0,30,3,1374.584799999866,33837,170797,11468800,93052928,63203114,47.240738325079484,0.8863182291108087,36,1.0096770109953703,False,3686400,0,26.5519,27.607825,3.26585,3.7974049999999995,0.29659199999999997,0.2975856,0.00096,0.0011471999999999993,1.00733,1.1891105999999996,4.27305,4.85816,34.237300000000005,35.819855,0.1249279976,0.365199998,0.05017599836,4.7472639085,0.5376639962,3.2386600000000003,14.231913500000001,54.1392,27.0696,13.5348,2.70696,0.14477430555555557,44.03673607524776,0.9732343852818227,251.6967,306.113,0.297568,0.2985632,170799,3,482.501
C:\Users\21544\Desktop\zhishan\changjin_v1.ply,7c7cb96bed46540483fdd488544dab77a6bf512d97621f1d6b02334793637b83,40310041,1280x720,0,jpeg50,0,30,3,1374.584799999866,31363,170797,11468800,93081600,63203114,49.86606008860616,0.9961753834059337,35,0.22858470775462963,False,3686400,0,24.899050000000003,26.783019999999997,3.6145,3.782575,0.299872,0.3012048,0.00096,0.0012016,1.084446,1.2472426,4.446400000000001,4.90159,33.01,34.671965,0.1249279976,0.20563199370000002,0.05017599836,4.2670078275,0.52892801165,3.1944855,12.87975,50.1808,25.0904,12.5452,2.50904,0.14477430555555557,41.66874565816828,0.9794952929303026,249.0797,291.6631,0.300832,0.3021648,170799,3,482.501
C:\Users\21544\Desktop\zhishan\changjin_v1.ply,7c7cb96bed46540483fdd488544dab77a6bf512d97621f1d6b02334793637b83,40310041,1280x720,2,f32,0,30,3,1374.584799999866,6131564,170797,37224448,125145088,58098855,71.48145268454174,0.9999622028699044,3,0.004605034722222222,False,6831880,1,88.39,117.77963999999997,24.16055,24.677195,0.552352,1.197843199999999,0.769136,4.4695887999999995,1.0896219999999999,1.3820919999999999,8.5256,14.982399999999998,125.20405,154.36878499999995,0.1274880022,0.2888960093,0.05017599836,0.0,0.895840019,39.500041,44.723343,9810.5024,4905.2512,2452.6256,490.52512,0.12310438368055555,62.97003308927059,0.9997855700446491,251.5567,404.2806,1.32096,5.6656895999999985,170799,3,482.501
C:\Users\21544\Desktop\zhishan\changjin_v1.ply,7c7cb96bed46540483fdd488544dab77a6bf512d97621f1d6b02334793637b83,40310041,1280x720,2,f16,0,30,3,1374.584799999866,3049432,170797,37224448,121311232,58098855,51.26765739647552,0.9993455686382237,108,0.09131293402777778,False,3415940,1,53.9522,83.98541,16.19855,17.125149999999998,0.550832,0.5540927999999999,0.7674719999999999,0.9338079999999992,1.0765600000000002,1.176084,8.6201,8.99175,79.0394,108.931795,0.1239039972,0.19820800425000001,0.05017599836,0.0,0.9623520076000001,16.9290905,22.5808295,4879.0912,2439.5456,1219.7728,243.95456,0.12310438368055555,42.19511285692049,0.9962231532619469,265.5986,374.57869999999997,1.3184,1.4813695999999992,170799,3,482.501
C:\Users\21544\Desktop\zhishan\changjin_v1.ply,7c7cb96bed46540483fdd488544dab77a6bf512d97621f1d6b02334793637b83,40310041,1280x720,2,q20,0,30,3,1374.584799999866,3013965,170797,37224448,122949632,58098855,64.2474599296933,0.9999247523179292,28,0.017430555555555557,False,3415940,1,55.4397,84.19032999999999,17.1344,17.660065,0.551648,1.0118272,0.7698240000000001,2.4593919999999994,1.0574759999999999,1.3446147999999998,8.73035,12.314255000000001,81.2804,113.27440999999999,0.1254400015,0.22174400090000002,0.05017599836,0.0,0.94059199095,23.5606845,28.6433715,4822.344,2411.172,1205.586,241.1172,0.12310438368055555,55.29738780873679,0.9995702583264388,264.3569,415.5573,1.3235199999999998,3.4702335999999994,170799,3,482.501
C:\Users\21544\Desktop\zhishan\changjin_v1.ply,7c7cb96bed46540483fdd488544dab77a6bf512d97621f1d6b02334793637b83,40310041,1280x720,2,q16,0,30,3,1374.584799999866,2384713,170797,37224448,122466304,58098855,63.35477661438922,0.9998843148059126,28,0.022858072916666666,False,2732752,1,44.3485,82.46233999999997,15.172,15.638684999999999,0.552368,0.6396255999999996,0.7690239999999999,0.8342879999999996,1.033706,1.0907116,8.487749999999998,9.27501,69.06145000000001,106.40198499999997,0.1249279976,0.19990400225,0.05017599836,0.0,0.8699040115000001,20.0288565,25.2373865,3815.5408,1907.7704,953.8852,190.77704,0.12310438368055555,54.393997897613815,0.9993363873137134,258.1695,353.822,1.321984,1.5548415999999987,170799,3,482.501
C:\Users\21544\Desktop\zhishan\changjin_v1.ply,7c7cb96bed46540483fdd488544dab77a6bf512d97621f1d6b02334793637b83,40310041,1280x720,2,rgba,0,30,3,1374.584799999866,310923,170797,11468800,91877376,63073594,,1.0,0,0.0,True,3686400,1,27.7243,28.838910000000002,2.34185,2.4837599999999997,0.299376,0.3016032,0.00096,0.0013039999999999996,1.0433,1.1981434,4.46025,4.920684999999999,34.668,35.97753,0.1249279976,0.20817600195,0.05017599836,5.2254722115,0.5336000025000001,3.2374669999999997,14.5422405,497.4768,248.7384,124.3692,24.87384,0.12310438368055555,,1.0,254.1779,294.62579999999997,0.3004,0.3026448,170799,3,482.501
C:\Users\21544\Desktop\zhishan\changjin_v1.ply,7c7cb96bed46540483fdd488544dab77a6bf512d97621f1d6b02334793637b83,40310041,1280x720,2,jpeg95,0,30,3,1374.584799999866,69556,170797,11468800,93118464,63073594,53.48046560669261,0.9987542873645724,19,0.1281832320601852,False,3686400,0,26.87785,27.60456,3.5552,4.0213149999999995,0.29692799999999997,0.298296,0.000992,0.0015535999999999998,1.0174400000000001,1.2151796,4.2486,4.639095,34.78325,35.893395,0.1244159974,0.19585599755,0.05017599836,5.322751998499999,0.5319519937,3.4483295,14.8542495,111.2896,55.6448,27.8224,5.56448,0.12310438368055555,44.54750875235192,0.9928420323528315,248.1921,297.17130000000003,0.297936,0.29932000000000003,170799,3,482.501
C:\Users\21544\Desktop\zhishan\changjin_v1.ply,7c7cb96bed46540483fdd488544dab77a6bf512d97621f1d6b02334793637b83,40310041,1280x720,2,jpeg85,0,30,3,1374.584799999866,48269,170797,11468800,93003776,63073594,48.85250475980078,0.997238297117006,42,0.20801830150462963,False,3686400,0,26.50795,27.720365,3.82995,4.077859999999999,0.297728,0.298848,0.000992,0.0010591999999999997,1.007078,1.1729564,4.242,4.64002,34.675650000000005,35.89938,0.1239039972,0.1843200028,0.05017599836,5.1630082129999995,0.5330879986499999,3.3242735,14.517108499999999,77.2304,38.6152,19.3076,3.86152,0.12310438368055555,39.87251550975789,0.9841166222289899,246.4261,294.2553,0.298736,0.2997936,170799,3,482.501
C:\Users\21544\Desktop\zhishan\changjin_v1.ply,7c7cb96bed46540483fdd488544dab77a6bf512d97621f1d6b02334793637b83,40310041,1280x720,2,jpeg70,0,30,3,1374.584799999866,39871,170797,11468800,92909568,63073594,44.156050545477854,0.8813620064024841,60,1.1422352430555556,False,3686400,0,25.480150000000002,26.52115,3.7095000000000002,3.94732,0.301056,0.3026368,0.000992,0.001056,1.0034640000000001,1.1489109999999998,4.16995,4.512935,33.234700000000004,34.336075,0.1239039972,0.1712160036,0.05017599836,4.7528960705,0.52630397675,3.2811595000000002,13.248975999999999,63.7936,31.8968,15.9484,3.18968,0.12310438368055555,36.98597011971436,0.9503596593968706,251.2511,309.3646,0.30201600000000006,0.3036112,170799,3,482.501
C:\Users\21544\Desktop\zhishan\changjin_v1.ply,7c7cb96bed46540483fdd488544dab77a6bf512d97621f1d6b02334793637b83,40310041,1280x720,2,jpeg50,0,30,3,1374.584799999866,35489,170797,11468800,93024256,63073594,44.03987908552771,0.9932966999460654,83,0.3578345630787037,False,3686400,0,25.49625,26.679095,3.56355,3.828035,0.296512,0.29723679999999997,0.00096,0.0013023999999999987,1.017376,1.1748515999999998,4.18635,4.60417,33.28465,34.58877,0.1249279976,0.19534400105,0.05017599836,4.739583969,0.5388160049999999,3.232487,13.270989,56.7824,28.3912,14.1956,2.83912,0.12310438368055555,35.04162867531249,0.9614571683412723,246.9055,299.5903,0.29755200000000004,0.2981792,170799,3,482.501
C:\Users\21544\Desktop\zhishan\changjin_v1.ply,7c7cb96bed46540483fdd488544dab77a6bf512d97621f1d6b02334793637b83,40310041,1920x1080,0,f32,0,30,3,1374.584799999866,6163193,170797,66387968,119885824,58098855,71.03217609886364,0.9999366366453949,3,0.005111239711934157,False,6831880,1,95.82804999999999,126.03394999999999,24.16985,24.9125,1.0096159999999998,1.7257503999999981,5.451056,9.9904304,2.890116,4.394841599999999,18.5449,26.877819999999982,138.7442,169.217685,0.73216002415,0.30086399615000003,0.149504000325,0.0,1.1782720085,39.290659500000004,46.165878,9861.1088,4930.5544,2465.2772,493.05544,0.14476948302469136,63.14101817305159,0.9996575302579259,257.7205,410.2051,6.462464000000001,11.732326399999998,170799,3,482.501
C:\Users\21544\Desktop\zhishan\changjin_v1.ply,7c7cb96bed46540483fdd488544dab77a6bf512d97621f1d6b02334793637b83,40310041,1920x1080,0,f16,0,30,3,1374.584799999866,3077076,170797,66387968,116645888,58098855,57.75207799449983,0.9996679489583365,44,0.04831918724279836,False,3415940,1,53.3906,83.82044499999998,15.77935,16.329669999999997,0.549872,0.5582112,1.8389280000000001,4.623279999999999,2.4733419999999997,2.659055,12.3565,16.810724999999998,81.767,113.31570999999997,0.1259520054,0.2420480028,0.05017599836,0.0,1.104896009,15.870846499999999,21.611472,4923.3216,2461.6608,1230.8304,246.16608,0.14476948302469136,49.44615475949095,0.9981718930315271,279.8951,384.0077,2.3936,5.173196799999999,170799,3,482.501
C:\Users\21544\Desktop\zhishan\changjin_v1.ply,7c7cb96bed46540483fdd488544dab77a6bf512d97621f1d6b02334793637b83,40310041,1920x1080,0,q20,0,30,3,1374.584799999866,3052666,170797,66387968,116637696,58098855,68.56117465653986,0.9999209092714564,6,0.00855275848765432,False,3415940,1,59.38405,81.41745,17.1114,17.5918,0.552,1.0132143999999998,1.841136,6.070438399999999,2.519248,3.0910694,12.5475,19.43062,93.05285,111.123135,0.12646400185,0.3094080091,0.05017599836,0.0,1.1698400375,22.676802000000002,28.393202,4884.2656,2442.1328,1221.0664,244.21328,0.14476948302469136,60.526622577914495,0.999570686230614,268.2551,376.78420000000006,2.395136,7.082649599999999,170799,3,482.501
C:\Users\21544\Desktop\zhishan\changjin_v1.ply,7c7cb96bed46540483fdd488544dab77a6bf512d97621f1d6b02334793637b83,40310041,1920x1080,0,q16,0,30,3,1374.584799999866,2412743,170797,66387968,115978240,58098855,65.00399144204368,0.9998146316284934,6,0.0199242862654321,False,2732752,1,44.6043,66.45844000000001,15.0454,15.46171,0.55248,0.6409711999999995,1.838896,2.2817039999999995,2.46321,2.6428401999999998,12.1821,12.866445,71.68605,93.85649000000001,0.1249279976,0.19647999854999998,0.05017599836,0.0,0.85305601355,19.08262,24.3984675,3860.3888,1930.1944,965.0972,193.01944,0.14476948302469136,56.76746227323643,0.9989753858722402,267.2634,350.1021,2.391552,2.962073599999999,170799,3,482.501
C:\Users\21544\Desktop\zhishan\changjin_v1.ply,7c7cb96bed46540483fdd488544dab77a6bf512d97621f1d6b02334793637b83,40310041,1920x1080,0,rgba,0,30,3,1374.584799999866,502699,170797,25559040,110551040,71503994,,1.0,0,0.0,True,8294400,1,38.2371,58.603709999999985,4.832599999999999,5.09262,0.668064,0.9601056,0.00096,0.0010095999999999998,2.3495280000000003,2.5746822,6.9723500000000005,7.67024,50.40285,70.71818499999999,0.1249279976,0.2186880037,0.05017599836,4.514815807,1.007679999,18.7425555,29.8093685,804.3184,402.1592,201.0796,40.21592,0.14476948302469136,,1.0,278.4205,345.1791,0.669024,0.9610688,170799,3,482.501
C:\Users\21544\Desktop\zhishan\changjin_v1.ply,7c7cb96bed46540483fdd488544dab77a6bf512d97621f1d6b02334793637b83,40310041,1920x1080,0,jpeg95,0,30,3,1374.584799999866,104114,170797,25559040,111706112,71503994,58.46879007902531,0.9991768459910036,8,0.07708124356995885,False,8294400,0,24.0429,33.709589999999956,6.976100000000001,7.163305,0.66336,0.8923807999999996,0.00096,0.000992,2.376436,2.5624122,6.93395,7.5193449999999995,37.79305,47.74859999999996,0.1249279976,0.17728000135,0.05017599836,4.3212800025,1.004575968,7.405867499999999,18.0009285,166.5824,83.2912,41.6456,8.32912,0.14476948302469136,50.33546648342511,0.9954667664288493,267.2343,333.7556,0.66432,0.8933119999999997,170799,3,482.501
C:\Users\21544\Desktop\zhishan\changjin_v1.ply,7c7cb96bed46540483fdd488544dab77a6bf512d97621f1d6b02334793637b83,40310041,1920x1080,0,jpeg85,0,30,3,1374.584799999866,78860,170797,25559040,111448064,71503994,56.192433565928184,0.9986998109472637,19,0.1054150591563786,False,8294400,0,24.96455,25.783334999999997,6.0144,6.755904999999999,0.666016,0.8129584,0.00096,0.0010975999999999994,2.390908,2.6577096,6.95335,7.558815,38.187200000000004,39.31917,0.1249279976,0.2221279964,0.05017599836,4.588543892000001,1.0215039849999998,7.290836499999999,18.359869500000002,126.176,63.088,31.544,6.3088,0.14476948302469136,48.06450782978356,0.9928952874605947,250.6196,302.1759,0.666976,0.8139136,170799,3,482.501
C:\Users\21544\Desktop\zhishan\changjin_v1.ply,7c7cb96bed46540483fdd488544dab77a6bf512d97621f1d6b02334793637b83,40310041,1920x1080,0,jpeg70,0,30,3,1374.584799999866,70309,170797,25559040,111489024,71503994,47.63147838763313,0.8862145352179311,24,0.9876607510288066,False,8294400,0,24.5043,25.4327,6.6584,6.9142,0.662912,0.7527679999999995,0.00096,0.0013391999999999994,2.33476,2.6166498000000002,7.0261,7.345535,38.372150000000005,39.093360000000004,0.1249279976,0.21041600405,0.05017599836,4.6095359325,1.021584034,7.2136510000000005,18.482505500000002,112.4944,56.2472,28.1236,5.62472,0.14476948302469136,45.4471970800622,0.9740177874584942,263.5258,329.1489,0.663872,0.7537103999999996,170799,3,482.501
C:\Users\21544\Desktop\zhishan\changjin_v1.ply,7c7cb96bed46540483fdd488544dab77a6bf512d97621f1d6b02334793637b83,40310041,1920x1080,0,jpeg50,0,30,3,1374.584799999866,66130,170797,25559040,111423488,71503994,51.22983313013194,0.9965584755606164,36,0.1993629436728395,False,8294400,0,24.97315,25.883989999999997,5.8241,6.488365,0.666416,0.8288191999999992,0.00096,0.000992,2.3689999999999998,2.5351217999999998,7.1137,7.72864,38.18885,39.098165,0.1249279976,0.19054400175,0.05017599836,4.623359919,1.0280799864999999,7.2015015,18.383028000000003,105.808,52.904,26.452,5.2904,0.14476948302469136,43.04288286719064,0.981438843924729,272.4838,329.8044,0.667376,0.8297967999999992,170799,3,482.501
C:\Users\21544\Desktop\zhishan\changjin_v1.ply,7c7cb96bed46540483fdd488544dab77a6bf512d97621f1d6b02334793637b83,40310041,1920x1080,2,f32,0,30,3,1374.584799999866,6124200,170797,66387968,119599104,58098855,71.51487848311659,0.9999543687219123,3,0.004572563014403292,False,6831880,1,93.57855,119.58746000000001,24.0768,24.684684999999998,0.636192,1.0114672,1.677616,7.064567999999999,2.6634539999999998,3.1342562,12.544699999999999,20.8856,134.29104999999998,157.82363,0.1259520054,0.25635199995,0.05119999871,0.0,0.9265120029,39.4572755,45.088755,9798.72,4899.36,2449.68,489.936,0.1231004050925926,63.025418131307575,0.9997384567029536,249.5724,371.48339999999996,2.394112,8.074342399999999,170799,3,482.501
C:\Users\21544\Desktop\zhishan\changjin_v1.ply,7c7cb96bed46540483fdd488544dab77a6bf512d97621f1d6b02334793637b83,40310041,1920x1080,2,f16,0,30,3,1374.584799999866,3056502,170797,66387968,116707328,58098855,48.9196689939189,0.9989595672189902,180,0.10224585262345678,False,3415940,1,53.804500000000004,69.72978499999999,15.8589,16.392025,0.551456,0.5529776000000001,1.548624,1.8458463999999999,2.477722,2.6928916,11.88155,12.388494999999999,81.83235,97.39108999999999,0.1249279976,0.1763360053,0.05017599836,0.0,0.875616014,16.4806175,21.6154875,4890.4032,2445.2016,1222.6008,244.52016,0.1231004050925926,39.84385413399499,0.9939516735062686,263.4022,352.5542,2.100224,2.3967232000000003,170799,3,482.501
C:\Users\21544\Desktop\zhishan\changjin_v1.ply,7c7cb96bed46540483fdd488544dab77a6bf512d97621f1d6b02334793637b83,40310041,1920x1080,2,q20,0,30,3,1374.584799999866,3039247,170797,66387968,116629504,58098855,65.93849103826595,0.99992555896099,33,0.012704957561728396,False,3415940,1,66.29915,87.32332,17.1759,17.670985,0.553392,1.0122544,1.557424,4.4335119999999995,2.447564,2.9781874,12.0089,17.857535,97.2322,119.97244999999998,0.1249279976,0.2029599994,0.05017599836,0.0,0.8980320096000001,23.2144295,28.424066,4862.7952,2431.3976,1215.6988,243.13976,0.1231004050925926,57.03926250429339,0.999571579140606,273.499,402.02340000000004,2.110464,5.443072,170799,3,482.501
C:\Users\21544\Desktop\zhishan\changjin_v1.ply,7c7cb96bed46540483fdd488544dab77a6bf512d97621f1d6b02334793637b83,40310041,1920x1080,2,q16,0,30,3,1374.584799999866,2407944,170797,66387968,115920896,58098855,64.53035550101903,0.9998736839533531,33,0.018974890689300413,False,2732752,1,47.22635,69.47860999999999,15.03345,15.45581,0.5583039999999999,1.011344,1.556288,4.106144,2.42997,2.9457395999999996,12.014800000000001,18.077195,75.31125,98.56138499999999,0.1249279976,0.2098399997,0.05017599836,0.0,0.9205119908,19.7199885,24.882253,3852.7104,1926.3552,963.1776,192.63552,0.1231004050925926,55.599459402686236,0.9992695606586759,287.8817,361.78130000000004,2.114048,5.1181056,170799,3,482.501
C:\Users\21544\Desktop\zhishan\changjin_v1.ply,7c7cb96bed46540483fdd488544dab77a6bf512d97621f1d6b02334793637b83,40310041,1920x1080,2,rgba,0,30,3,1374.584799999866,621748,170797,25559040,110772224,71582890,,1.0,0,0.0,True,8294400,1,37.70165,49.95621999999997,4.940250000000001,5.087125,0.6685760000000001,0.816936,0.00096,0.0010416,2.32218,2.5796591999999996,7.1232500000000005,7.52672,49.89555,61.971424999999975,0.1249279976,0.172864005,0.05017599836,4.764672041000001,1.0188319685,18.547658,29.6008115,994.7968,497.3984,248.6992,49.73984,0.1231004050925926,,1.0,277.0917,348.3313,0.6695519999999999,0.817832,170799,3,482.501
C:\Users\21544\Desktop\zhishan\changjin_v1.ply,7c7cb96bed46540483fdd488544dab77a6bf512d97621f1d6b02334793637b83,40310041,1920x1080,2,jpeg95,0,30,3,1374.584799999866,133977,170797,25559040,111587328,71582890,55.06905354068473,0.9988995812957445,19,0.10403629758230452,False,8294400,0,24.3628,25.36146,7.2031,7.353815,0.671264,0.7526943999999995,0.00096,0.000992,2.3724119999999997,2.5770595999999997,7.1598,7.480955,38.63945,39.47403499999999,0.1249279976,0.17067199945,0.050687998535,4.952063798999999,1.01412797,7.600642000000001,18.918667,214.3632,107.1816,53.5908,10.71816,0.1231004050925926,46.13788465061188,0.9936282778726001,266.4708,321.714,0.672352,0.7536543999999996,170799,3,482.501
C:\Users\21544\Desktop\zhishan\changjin_v1.ply,7c7cb96bed46540483fdd488544dab77a6bf512d97621f1d6b02334793637b83,40310041,1920x1080,2,jpeg85,0,30,3,1374.584799999866,95488,170797,25559040,111374336,71582890,50.89999678071326,0.9978016491148756,36,0.16068463863168725,False,8294400,0,24.931800000000003,25.544565000000002,6.7759,7.013825,0.666576,0.7546479999999995,0.00096,0.0010095999999999998,2.364246,2.6470002,7.16885,7.6394,38.62975,39.592165,0.1249279976,0.2210559994,0.05017599836,4.930047989,1.0230399965,7.382765,18.842028,152.7808,76.3904,38.1952,7.63904,0.1231004050925926,41.9253501435903,0.987288874721143,259.1323,320.8862,0.6675359999999999,0.7555727999999995,170799,3,482.501
C:\Users\21544\Desktop\zhishan\changjin_v1.ply,7c7cb96bed46540483fdd488544dab77a6bf512d97621f1d6b02334793637b83,40310041,1920x1080,2,jpeg70,0,30,3,1374.584799999866,81050,170797,25559040,111456256,71582890,45.39261721223689,0.8818174426812972,67,1.0829856288580246,False,8294400,0,25.34265,26.495205,6.6848,7.110415,0.667392,0.6735408,0.00096,0.0011327999999999993,2.393384,2.6275276,7.0755,7.525199999999999,38.94995,42.46413499999999,0.1249279976,0.2057599947,0.05017599836,4.970496177499999,1.0255200265,7.350009,19.067073,129.68,64.84,32.42,6.484,0.1231004050925926,39.053690217368285,0.9538230220786409,254.3015,322.4865,0.668368,0.6745184,170799,3,482.501
C:\Users\21544\Desktop\zhishan\changjin_v1.ply,7c7cb96bed46540483fdd488544dab77a6bf512d97621f1d6b02334793637b83,40310041,1920x1080,2,jpeg50,0,30,3,1374.584799999866,73437,170797,25559040,111611904,71582890,46.00430821141486,0.9944280653620722,76,0.28706838348765434,False,8294400,0,25.2132,26.508029999999998,5.902150000000001,6.103435,0.661888,0.8208992,0.0009760000000000001,0.0011759999999999995,2.386824,2.645821,7.1368,7.6121099999999995,38.1994,39.589355,0.1249279976,0.20921599865,0.05017599836,4.83225584,1.017856002,7.234538000000001,18.720618,117.4992,58.7496,29.3748,5.87496,0.1231004050925926,37.00421174295221,0.9677320177959685,261.9753,314.3601,0.662976,0.8221056,170799,3,482.501
C:\Users\21544\Desktop\zhishan\changjin_v1.ply,7c7cb96bed46540483fdd488544dab77a6bf512d97621f1d6b02334793637b83,40310041,1280x720,0,f32,1,30,3,548.350399998526,6831944,170797,37224448,122544128,58098855,71.01508663014414,0.9999445441026215,3,0.005135633680555555,False,6831880,0,90.6216,126.55296499999997,18.7686,19.539045,0.55168,0.5571712,0.92264,0.9242128,1.0702340000000001,1.199879,8.6777,9.50263,118.51655,154.10798499999999,0.1249279976,0.18262399735,0.050687998535,0.0,0.9249279797,29.3005725,34.4708215,10931.1104,5465.5552,2732.7776,546.55552,0.14477430555555557,63.117686583333864,0.9997040983065562,260.9646,428.4288,1.4745599999999999,1.47968,170799,3,479.449
C:\Users\21544\Desktop\zhishan\changjin_v1.ply,7c7cb96bed46540483fdd488544dab77a6bf512d97621f1d6b02334793637b83,40310041,1280x720,0,f16,1,30,3,548.350399998526,3416004,170797,37224448,119234560,58098855,58.855226564142846,0.9997521487911977,35,0.04245261863425926,False,3415940,0,43.89635,81.52973499999996,12.97925,13.50222,0.550064,0.5549488,0.92096,0.9234864,1.034042,1.1736488,8.7775,9.19512,65.40950000000001,103.24121999999997,0.1249279976,0.18980799615,0.05017599836,0.0,0.90579202775,11.7820515,16.8959765,5465.6064,2732.8032,1366.4016,273.28032,0.14477430555555557,50.563422481495365,0.9986495872650519,257.3003,337.6887,1.4709759999999998,1.4777344,170799,3,479.449
C:\Users\21544\Desktop\zhishan\changjin_v1.ply,7c7cb96bed46540483fdd488544dab77a6bf512d97621f1d6b02334793637b83,40310041,1280x720,0,q20,1,30,3,548.350399998526,3416004,170797,37224448,119271424,58098855,67.34181950702573,0.9999236391782945,6,0.010813802083333334,False,3415940,0,51.97825,84.72642499999999,14.267900000000001,14.686225,0.552304,0.9348687999999995,0.922736,1.9612815999999964,1.08367,1.2702693999999999,8.9412,10.984499999999993,76.02584999999999,108.336035,0.1254400015,0.19737600535,0.05017599836,0.0,0.93427202105,18.6262865,23.814781,5465.6064,2732.8032,1366.4016,273.28032,0.14477430555555557,59.23751779232906,0.9995911076447932,264.6557,348.8745,1.4745599999999999,2.814617599999995,170799,3,479.449
C:\Users\21544\Desktop\zhishan\changjin_v1.ply,7c7cb96bed46540483fdd488544dab77a6bf512d97621f1d6b02334793637b83,40310041,1280x720,0,q16,1,30,3,548.350399998526,2732816,170797,37224448,118575104,58098855,64.51061682982855,0.9998296685728336,6,0.02173140914351852,False,2732752,0,52.05800000000001,86.61877499999999,12.8468,13.223759999999999,0.5569919999999999,1.0109104,0.9226559999999999,2.801296,1.0676160000000001,1.7441977999999994,8.861650000000001,13.385409999999998,74.86735,108.05583499999999,0.1259520054,0.2221760005,0.05017599836,0.0,0.961664021,17.2019485,22.4123695,4372.5056,2186.2528,1093.1264,218.62528,0.14477430555555557,56.268783490713545,0.9990696202888923,258.7581,324.6419,1.47968,3.8131711999999998,170799,3,479.449
C:\Users\21544\Desktop\zhishan\changjin_v1.ply,7c7cb96bed46540483fdd488544dab77a6bf512d97621f1d6b02334793637b83,40310041,1280x720,0,rgba,1,30,3,548.350399998526,3686464,170797,11468800,94744576,63203114,,1.0,0,0.0,True,3686400,0,51.378550000000004,84.64140499999999,7.04695,7.374479999999999,0.301376,0.3027536,0.00096,0.0012335999999999998,0.954388,1.0849214,4.346299999999999,4.59171,62.79475,96.25090499999999,0.1244159974,0.19848000255,0.05017599836,4.171776056,0.5300320088499999,7.869068,17.2298205,5898.3424,2949.1712,1474.5856,294.91712,0.14477430555555557,,1.0,264.3096,325.1357,0.302336,0.3038576,170799,3,479.449
C:\Users\21544\Desktop\zhishan\changjin_v1.ply,7c7cb96bed46540483fdd488544dab77a6bf512d97621f1d6b02334793637b83,40310041,1280x720,2,f32,1,30,3,548.350399998526,6831944,170797,37224448,122650624,58098855,71.48145268454174,0.9999622028699044,3,0.004605034722222222,False,6831880,0,98.26679999999999,121.81607999999997,18.431,18.726139999999997,0.9257120000000001,1.0125008,1.705392,3.920222399999999,1.2238820000000001,1.5516307999999994,10.74385,14.741619999999998,127.54634999999999,153.41932999999997,0.13363200425,0.31558400394999997,0.05222399905,0.0,1.00160002685,28.9520945,35.193555,10931.1104,5465.5552,2732.7776,546.55552,0.12310438368055555,62.97003308927059,0.9997855700446491,259.0426,387.7948,2.632192,5.1035135999999985,170799,3,479.449
C:\Users\21544\Desktop\zhishan\changjin_v1.ply,7c7cb96bed46540483fdd488544dab77a6bf512d97621f1d6b02334793637b83,40310041,1280x720,2,f16,1,30,3,548.350399998526,3416004,170797,37224448,119336960,58098855,51.26765739647552,0.9993455686382237,108,0.09131293402777778,False,3415940,0,44.6991,79.80861499999996,13.02335,13.706739999999998,0.5611999999999999,0.7083807999999999,0.7674719999999999,0.9845359999999995,1.039398,1.1589831999999998,8.606349999999999,8.99448,67.3434,101.86732999999995,0.1254400015,0.2060640007,0.05017599836,0.0,0.88436800245,11.957906,17.103456,5465.6064,2732.8032,1366.4016,273.28032,0.12310438368055555,42.19511285692049,0.9962231532619469,266.3435,331.2948,1.32864,1.6895487999999996,170799,3,479.449
C:\Users\21544\Desktop\zhishan\changjin_v1.ply,7c7cb96bed46540483fdd488544dab77a6bf512d97621f1d6b02334793637b83,40310041,1280x720,2,q20,1,30,3,548.350399998526,3416004,170797,37224448,119201792,58098855,64.2474599296933,0.9999247523179292,28,0.017430555555555557,False,3415940,0,53.50495,80.1977,14.3263,14.69118,0.55776,1.0099296,0.7707040000000001,2.4572415999999997,1.0830799999999998,1.3717812,8.79045,12.227735000000001,77.05515,106.85668,0.1249279976,0.19926399735,0.05017599836,0.0,0.9106879830000001,18.9060855,24.288486,5465.6064,2732.8032,1366.4016,273.28032,0.12310438368055555,55.29738780873679,0.9995702583264388,265.8459,346.05249999999995,1.331712,3.467008,170799,3,479.449
C:\Users\21544\Desktop\zhishan\changjin_v1.ply,7c7cb96bed46540483fdd488544dab77a6bf512d97621f1d6b02334793637b83,40310041,1280x720,2,q16,1,30,3,548.350399998526,2732816,170797,37224448,118439936,58098855,63.35477661438922,0.9998843148059126,28,0.022858072916666666,False,2732752,0,42.796350000000004,70.159515,12.8464,13.287475,0.559088,0.5640512,0.769152,0.9800111999999995,1.036426,1.1321174,8.5829,9.044360000000001,64.65,91.76625,0.1249279976,0.1698079929,0.05017599836,0.0,0.8460479974499999,17.6184595,22.7384345,4372.5056,2186.2528,1093.1264,218.62528,0.12310438368055555,54.393997897613815,0.9993363873137134,263.1551,331.3927,1.328128,1.623552,170799,3,479.449
C:\Users\21544\Desktop\zhishan\changjin_v1.ply,7c7cb96bed46540483fdd488544dab77a6bf512d97621f1d6b02334793637b83,40310041,1280x720,2,rgba,1,30,3,548.350399998526,3686464,170797,11468800,94826496,63073594,,1.0,0,0.0,True,3686400,0,50.77825,79.00574999999999,7.04955,7.161605,0.303008,0.30549279999999995,0.000992,0.0012351999999999988,0.952554,1.0544513999999998,4.2553,4.62484,62.2532,90.58776499999999,0.1249279976,0.2192960009,0.05017599836,5.1328001025,0.5246399938999999,7.9346505,19.3249275,5898.3424,2949.1712,1474.5856,294.91712,0.12310438368055555,,1.0,254.4635,318.20730000000003,0.30398400000000003,0.30648479999999995,170799,3,479.449
C:\Users\21544\Desktop\zhishan\changjin_v1.ply,7c7cb96bed46540483fdd488544dab77a6bf512d97621f1d6b02334793637b83,40310041,1920x1080,0,f32,1,30,3,548.350399998526,6831944,170797,66387968,120233984,58098855,71.03217609886364,0.9999366366453949,3,0.005111239711934157,False,6831880,0,91.16445,122.50663999999998,18.509549999999997,19.10732,1.010672,2.0189216,6.060272,10.566017599999995,2.9150919999999996,4.1861526,19.964,29.491379999999996,127.78889999999998,171.82326499999996,1.3388800025,0.30752000214999997,0.25190400335,0.0,1.2058240175,29.691482,36.735539,10931.1104,5465.5552,2732.7776,546.55552,0.14476948302469136,63.14101817305159,0.9996575302579259,247.0647,386.2335,7.264256,12.585062399999996,170799,3,479.449
C:\Users\21544\Desktop\zhishan\changjin_v1.ply,7c7cb96bed46540483fdd488544dab77a6bf512d97621f1d6b02334793637b83,40310041,1920x1080,0,f16,1,30,3,548.350399998526,3416004,170797,66387968,116953088,58098855,57.75207799449983,0.9996679489583365,44,0.04831918724279836,False,3415940,0,52.236000000000004,69.695925,12.9459,13.682794999999999,0.562192,1.0113759999999998,1.8386559999999998,4.7466304,2.441754,2.946399,12.318100000000001,18.376605,78.41395,97.603185,0.1249279976,0.20550400015,0.05017599836,0.0,0.92286399005,11.7531295,17.025281,5465.6064,2732.8032,1366.4016,273.28032,0.14476948302469136,49.44615475949095,0.9981718930315271,270.2588,359.2326,2.40128,5.7563136,170799,3,479.449
C:\Users\21544\Desktop\zhishan\changjin_v1.ply,7c7cb96bed46540483fdd488544dab77a6bf512d97621f1d6b02334793637b83,40310041,1920x1080,0,q20,1,30,3,548.350399998526,3416004,170797,66387968,116879360,58098855,68.56117465653986,0.9999209092714564,6,0.00855275848765432,False,3415940,0,66.31885,88.42632499999999,14.267800000000001,14.79561,0.5622400000000001,1.3165791999999998,1.841024,6.400624,2.542028,3.0883366,12.48175,20.451404999999998,92.93455,119.76961499999997,0.1259520054,0.2175519988,0.05119999871,0.0,0.87710398435,18.4171495,23.7295215,5465.6064,2732.8032,1366.4016,273.28032,0.14476948302469136,60.526622577914495,0.999570686230614,268.4434,372.7328,2.403328,7.728486399999999,170799,3,479.449
C:\Users\21544\Desktop\zhishan\changjin_v1.ply,7c7cb96bed46540483fdd488544dab77a6bf512d97621f1d6b02334793637b83,40310041,1920x1080,0,q16,1,30,3,548.350399998526,2732816,170797,66387968,116379648,58098855,65.00399144204368,0.9998146316284934,6,0.0199242862654321,False,2732752,0,47.8117,78.72702499999998,12.79935,13.262555,0.5623199999999999,0.7092447999999999,1.839152,2.3910608,2.439098,2.5726109999999998,12.35535,13.09375,73.06855,103.86796999999999,0.1249279976,0.19939199835,0.05017599836,0.0,0.8895359933,17.037350500000002,22.257643,4372.5056,2186.2528,1093.1264,218.62528,0.14476948302469136,56.76746227323643,0.9989753858722402,276.7675,354.97679999999997,2.402304,3.0898688,170799,3,479.449
C:\Users\21544\Desktop\zhishan\changjin_v1.ply,7c7cb96bed46540483fdd488544dab77a6bf512d97621f1d6b02334793637b83,40310041,1920x1080,0,rgba,1,30,3,548.350399998526,8294464,170797,25559040,117940224,71503994,,1.0,0,0.0,True,8294400,0,103.99355,147.366965,16.0283,16.564045,0.684064,1.2262992,0.000992,0.001376,2.420884,3.0279112,7.2938,9.146145,127.66025,171.49629,0.1269759983,0.22556799649999998,0.05119999871,4.466176033,1.07308805,26.978174,38.5597335,13271.1424,6635.5712,3317.7856,663.55712,0.14476948302469136,,1.0,274.4693,388.21759999999995,0.6850080000000001,1.2276752,170799,3,479.449
C:\Users\21544\Desktop\zhishan\changjin_v1.ply,7c7cb96bed46540483fdd488544dab77a6bf512d97621f1d6b02334793637b83,40310041,1920x1080,2,f32,1,30,3,548.350399998526,6831944,170797,66387968,120360960,58098855,71.51487848311659,0.9999543687219123,3,0.004572563014403292,False,6831880,0,84.6661,119.610545,18.630450000000003,21.82727,0.5664480000000001,1.015776,1.84592,7.134910399999999,2.813678,3.088698,12.96565,21.413614999999997,123.82495,155.91911,0.12646400185,0.29471999405000004,0.052735999224999996,0.0,1.1856160165,29.896228,36.195657,10931.1104,5465.5552,2732.7776,546.55552,0.1231004050925926,63.025418131307575,0.9997384567029536,284.9752,444.1273,2.412032,8.485171199999998,170799,3,479.449
C:\Users\21544\Desktop\zhishan\changjin_v1.ply,7c7cb96bed46540483fdd488544dab77a6bf512d97621f1d6b02334793637b83,40310041,1920x1080,2,f16,1,30,3,548.350399998526,3416004,170797,66387968,117063680,58098855,48.9196689939189,0.9989595672189902,180,0.10224585262345678,False,3415940,0,48.977450000000005,69.318555,13.254850000000001,15.041244999999996,0.5666720000000001,0.5695312,1.5485760000000002,1.5516927999999999,2.500736,2.6835679999999997,12.082,12.66108,74.11335,94.368765,0.1254400015,0.20631999525,0.05017599836,0.0,1.1049919725000001,11.8270555,17.438057,5465.6064,2732.8032,1366.4016,273.28032,0.1231004050925926,39.84385413399499,0.9939516735062686,342.2818,422.176,2.115584,2.1196800000000002,170799,3,479.449
C:\Users\21544\Desktop\zhishan\changjin_v1.ply,7c7cb96bed46540483fdd488544dab77a6bf512d97621f1d6b02334793637b83,40310041,1920x1080,2,q20,1,30,3,548.350399998526,3416004,170797,66387968,116891648,58098855,65.93849103826595,0.99992555896099,33,0.012704957561728396,False,3415940,0,62.4036,81.827225,14.388,15.317079999999999,0.559392,0.8620735999999999,1.5572,2.255856,2.478674,2.7619303999999993,12.20815,13.091085,89.59285,108.476575,0.1249279976,0.2114079967,0.05017599836,0.0,0.9270400106500001,19.044975,24.505022,5465.6064,2732.8032,1366.4016,273.28032,0.1231004050925926,57.03926250429339,0.999571579140606,330.738,457.88620000000003,2.1166080000000003,2.8156416,170799,3,479.449
C:\Users\21544\Desktop\zhishan\changjin_v1.ply,7c7cb96bed46540483fdd488544dab77a6bf512d97621f1d6b02334793637b83,40310041,1920x1080,2,q16,1,30,3,548.350399998526,2732816,170797,66387968,116273152,58098855,64.53035550101903,0.9998736839533531,33,0.018974890689300413,False,2732752,0,47.97175,67.69702999999998,13.084900000000001,13.708414999999999,0.563456,0.7234831999999992,1.5562399999999998,2.2514928,2.4696100000000003,2.6582958,11.95485,13.67451,73.9286,92.47869499999999,0.1254400015,0.21889600155,0.05017599836,0.0,0.9300960004500001,17.6765875,22.962244499999997,4372.5056,2186.2528,1093.1264,218.62528,0.1231004050925926,55.599459402686236,0.9992695606586759,340.6828,454.8211,2.11968,2.8167168,170799,3,479.449
C:\Users\21544\Desktop\zhishan\changjin_v1.ply,7c7cb96bed46540483fdd488544dab77a6bf512d97621f1d6b02334793637b83,40310041,1920x1080,2,rgba,1,30,3,548.350399998526,8294464,170797,25559040,117755904,71582890,,1.0,0,0.0,True,8294400,0,105.1331,134.013815,15.80845,16.57475,0.7584,1.2297264,0.001072,0.001376,2.522236,3.1457041999999995,7.638999999999999,10.480355,128.90269999999998,157.06488,0.1326080039,0.30411200225,0.052735999224999996,5.1834878920000005,1.378911972,26.984789499999998,40.203379,13271.1424,6635.5712,3317.7856,663.55712,0.1231004050925926,,1.0,350.3849,460.8711,0.759344,1.2310848,170799,3,479.449
