run,frame,intervalMs,cpuMs,gpuMs,gpuFrameId
0,0,8.30000000000291,0.19999998807907104,,
0,1,8.399999999997817,0.30000001192092896,,
0,2,8.299999999999272,0.19999998807907104,,
0,3,8.400000000001455,0.3999999761581421,,
0,4,8.200000000000728,0.30000001192092896,,
0,5,8.299999999999272,0.19999998807907104,,
0,6,8.400000000001455,0.3999999761581421,,
0,7,8.5,0.3999999761581421,,
0,8,8.19999999999709,0.29999998211860657,,
0,9,8.400000000001455,0.19999998807907104,,
0,10,8.299999999999272,0.30000001192092896,,
0,11,8.299999999999272,0.19999998807907104,,
0,12,8.30000000000291,0.30000001192092896,,
0,13,8.399999999997817,0.30000001192092896,,
0,14,8.299999999999272,0.19999998807907104,,
0,15,8.400000000001455,0.29999998211860657,,
0,16,8.299999999999272,0.30000001192092896,,
0,17,8.299999999999272,0.30000001192092896,,
0,18,8.30000000000291,0.30000001192092896,,
0,19,8.299999999999272,0.20000001788139343,,
0,20,8.399999999997817,0.4000000059604645,,
0,21,8.30000000000291,0.30000001192092896,,
0,22,8.299999999999272,0.20000001788139343,,
0,23,8.399999999997817,0.4000000059604645,,
0,24,8.30000000000291,0.19999998807907104,,
0,25,8.299999999999272,0.4000000059604645,,
0,26,8.399999999997817,0.5,,
0,27,8.30000000000291,0.29999998211860657,,
0,28,8.299999999999272,0.4000000059604645,,
0,29,8.399999999997817,0.4000000059604645,,
0,30,8.30000000000291,0.30000001192092896,,
0,31,8.299999999999272,0.30000001192092896,,
0,32,8.399999999997817,0.30000001192092896,,
0,33,8.30000000000291,0.09999999403953552,,
0,34,8.299999999999272,0.30000001192092896,,
0,35,8.299999999999272,0.4000000059604645,,
0,36,8.5,0.3999999761581421,,
0,37,8.299999999999272,0.30000001192092896,,
0,38,8.299999999999272,0.19999998807907104,,
0,39,8.30000000000291,0.19999998807907104,,
0,40,8.399999999997817,0.4000000059604645,,
0,41,8.400000000001455,0.4000000059604645,,
0,42,8.200000000000728,0.29999998211860657,,
0,43,8.399999999997817,0.30000001192092896,,
0,44,8.299999999999272,0.30000001192092896,,
0,45,8.400000000001455,0.19999998807907104,,
0,46,8.299999999999272,0.5,,
0,47,8.299999999999272,0.30000001192092896,,
0,48,8.30000000000291,0.29999998211860657,,
0,49,8.299999999999272,0.29999998211860657,,
0,50,8.399999999997817,0.4000000059604645,,
0,51,8.200000000000728,0.30000001192092896,,
0,52,8.5,0.4000000059604645,,
0,53,8.299999999999272,0.29999998211860657,,
0,54,8.400000000001455,0.19999998807907104,,
0,55,8.299999999999272,0.30000001192092896,,
0,56,8.200000000000728,0.29999998211860657,,
0,57,8.400000000001455,0.3999999761581421,,
0,58,8.299999999999272,0.30000001192092896,,
0,59,8.399999999997817,0.29999998211860657,,
0,60,8.30000000000291,0.30000001192092896,,
0,61,8.399999999997817,0.30000001192092896,,
0,62,8.200000000000728,0.29999998211860657,,
0,63,8.400000000001455,0.30000001192092896,,
0,64,8.399999999997817,0.20000001788139343,,
0,65,8.400000000001455,0.09999999403953552,,
0,66,8.200000000000728,0.09999999403953552,,
0,67,8.399999999997817,0.5,,
0,68,8.299999999999272,0.30000001192092896,,
0,69,8.30000000000291,0.29999998211860657,,
0,70,8.399999999997817,0.4000000059604645,,
0,71,8.299999999999272,0.30000001192092896,,
0,72,8.30000000000291,0.30000001192092896,,
0,73,8.299999999999272,0.20000001788139343,,
0,74,8.399999999997817,0.19999998807907104,,
0,75,8.30000000000291,0.19999998807907104,,
0,76,8.299999999999272,0.20000001788139343,,
0,77,8.399999999997817,0.19999998807907104,,
0,78,8.30000000000291,0.20000001788139343,,
0,79,8.399999999997817,0.30000001192092896,,
0,80,8.299999999999272,0.19999998807907104,,
0,81,8.400000000001455,0.4000000059604645,,
0,82,8.299999999999272,0.30000001192092896,,
0,83,8.299999999999272,0.19999998807907104,,
0,84,8.30000000000291,0.19999998807907104,,
0,85,8.399999999997817,0.30000001192092896,,
0,86,8.299999999999272,0.19999998807907104,,
0,87,8.30000000000291,0.29999998211860657,,
0,88,8.299999999999272,0.4000000059604645,,
0,89,8.399999999997817,0.29999998211860657,,
0,90,8.30000000000291,0.30000001192092896,,
0,91,8.399999999997817,0.09999999403953552,,
0,92,8.299999999999272,0.19999998807907104,,
0,93,8.30000000000291,0.19999998807907104,,
0,94,8.299999999999272,0.30000001192092896,,
0,95,8.299999999999272,0.29999998211860657,,
0,96,8.299999999999272,0.19999998807907104,,
0,97,8.5,0.30000001192092896,,
0,98,8.200000000000728,0.3999999761581421,,
0,99,8.5,0.19999998807907104,,
0,100,8.299999999999272,0.4000000059604645,,
0,101,8.299999999999272,0.4000000059604645,,
0,102,8.30000000000291,0.5,,
0,103,8.399999999997817,0.30000001192092896,,
0,104,8.200000000000728,0.19999998807907104,,
0,105,8.400000000001455,0.30000001192092896,,
0,106,8.399999999997817,0.19999998807907104,,
0,107,8.200000000000728,0.09999999403953552,,
0,108,8.400000000001455,0.09999999403953552,,
0,109,8.399999999997817,0.20000001788139343,,
0,110,8.200000000000728,0.5,,
0,111,8.400000000001455,0.19999998807907104,,
0,112,8.399999999997817,0.30000001192092896,,
0,113,8.299999999999272,0.29999998211860657,,
0,114,8.30000000000291,0.30000001192092896,,
0,115,8.299999999999272,0.20000001788139343,,
0,116,8.399999999997817,0.30000001192092896,,
0,117,8.30000000000291,0.30000001192092896,,
0,118,8.399999999997817,0.20000001788139343,,
0,119,8.299999999999272,0.29999998211860657,,
0,120,8.30000000000291,0.19999998807907104,,
0,121,8.399999999997817,0.30000001192092896,,
0,122,8.400000000001455,0.19999998807907104,,
0,123,8.200000000000728,0.29999998211860657,,
0,124,8.399999999997817,0.20000001788139343,,
0,125,8.200000000000728,0.19999998807907104,,
0,126,8.5,0.30000001192092896,,
0,127,8.200000000000728,0.20000001788139343,,
0,128,8.399999999997817,0.19999998807907104,,
0,129,8.5,0.4000000059604645,,
0,130,8.200000000000728,0.4000000059604645,,
0,131,8.400000000001455,0.4000000059604645,,
0,132,8.200000000000728,0.4000000059604645,,
0,133,8.399999999997817,0.09999999403953552,,
0,134,8.200000000000728,0.30000001192092896,,
0,135,8.5,0.29999998211860657,,
0,136,8.200000000000728,0.20000001788139343,,
0,137,8.299999999999272,0.09999999403953552,,
0,138,8.400000000001455,0.20000001788139343,,
0,139,8.399999999997817,0.30000001192092896,,
0,140,8.299999999999272,0.19999998807907104,,
0,141,8.400000000001455,0.19999998807907104,,
0,142,8.299999999999272,0.30000001192092896,,
0,143,8.299999999999272,0.19999998807907104,,
0,144,8.30000000000291,0.19999998807907104,,
0,145,8.399999999997817,0.20000001788139343,,
0,146,8.299999999999272,0.09999999403953552,,
0,147,8.30000000000291,0.20000001788139343,,
0,148,8.399999999997817,0.09999999403953552,,
0,149,8.299999999999272,0.09999999403953552,,
0,150,8.400000000001455,0.19999998807907104,,
0,151,8.400000000001455,0.19999998807907104,,
0,152,8.299999999999272,0.29999998211860657,,
0,153,8.200000000000728,0.30000001192092896,,
0,154,8.399999999997817,0.09999999403953552,,
0,155,8.299999999999272,0.29999998211860657,,
0,156,8.400000000001455,0.09999999403953552,,
0,157,8.200000000000728,0.30000001192092896,,
0,158,8.399999999997817,0.09999999403953552,,
0,159,8.30000000000291,0.09999999403953552,,
0,160,8.399999999997817,0.20000001788139343,,
0,161,8.299999999999272,0.19999998807907104,,
0,162,8.30000000000291,0.20000001788139343,,
0,163,8.399999999997817,0.10000002384185791,,
0,164,8.299999999999272,0.19999998807907104,,
0,165,8.30000000000291,0.20000001788139343,,
0,166,8.299999999999272,0.20000001788139343,,
0,167,8.399999999997817,0.19999998807907104,,
0,168,8.30000000000291,0.09999999403953552,,
0,169,8.399999999997817,0.19999998807907104,,
0,170,8.299999999999272,0.29999998211860657,,
0,171,8.30000000000291,0.10000002384185791,,
0,172,8.299999999999272,0.20000001788139343,,
0,173,8.399999999997817,0.09999999403953552,,
0,174,8.30000000000291,0.20000001788139343,,
0,175,8.399999999997817,0.20000001788139343,,
0,176,8.400000000001455,0.19999998807907104,,
0,177,8.299999999999272,0.19999998807907104,,
0,178,8.299999999999272,0.10000002384185791,,
0,179,8.299999999999272,0.10000002384185791,,
0,180,8.30000000000291,0.20000001788139343,,
0,181,8.399999999997817,0.09999999403953552,,
0,182,8.299999999999272,0.29999998211860657,,
0,183,8.400000000001455,0.29999998211860657,,
0,184,8.299999999999272,0.20000001788139343,,
0,185,8.400000000001455,0.19999998807907104,,
0,186,8.200000000000728,0.09999999403953552,,
0,187,8.299999999999272,0.20000001788139343,,
0,188,8.399999999997817,0.19999998807907104,,
0,189,8.400000000001455,0.09999999403953552,,
0,190,8.299999999999272,0.10000002384185791,,
0,191,8.299999999999272,0.09999999403953552,,
0,192,8.400000000001455,0.20000001788139343,,
0,193,8.299999999999272,0.30000001192092896,,
0,194,8.400000000001455,0.19999998807907104,,
0,195,8.200000000000728,0.29999998211860657,,
0,196,8.5,0.29999998211860657,,
0,197,8.19999999999709,0.19999998807907104,,
0,198,8.30000000000291,0.19999998807907104,,
0,199,8.399999999997817,0.20000001788139343,,
0,200,8.400000000001455,0.19999998807907104,,
0,201,8.200000000000728,0.19999998807907104,,
0,202,8.399999999997817,0.20000001788139343,,
0,203,8.299999999999272,0.19999998807907104,,
0,204,8.30000000000291,0.09999999403953552,,
0,205,8.399999999997817,0.30000001192092896,,
0,206,8.299999999999272,0.29999998211860657,,
0,207,8.30000000000291,0.09999999403953552,,
0,208,8.399999999997817,0.09999999403953552,,
0,209,8.299999999999272,0.19999998807907104,,
0,210,8.30000000000291,0.30000001192092896,,
0,211,8.299999999999272,0.20000001788139343,,
0,212,8.399999999997817,0.29999998211860657,,
0,213,8.400000000001455,0.3999999761581421,,
0,214,8.200000000000728,0.20000001788139343,,
0,215,8.399999999997817,0.09999999403953552,,
0,216,8.400000000001455,0.19999998807907104,,
0,217,8.299999999999272,0.20000001788139343,,
0,218,8.299999999999272,0.4000000059604645,,
0,219,8.30000000000291,0.19999998807907104,,
0,220,8.299999999999272,0.30000001192092896,,
0,221,8.399999999997817,0.30000001192092896,,
0,222,8.400000000001455,0.19999998807907104,,
0,223,8.200000000000728,0.20000001788139343,,
0,224,8.399999999997817,0.20000001788139343,,
0,225,8.400000000001455,0.09999999403953552,,
0,226,8.299999999999272,0.20000001788139343,,
0,227,8.400000000001455,0.19999998807907104,,
0,228,8.299999999999272,0.19999998807907104,,
0,229,8.400000000001455,0.10000002384185791,,
0,230,8.099999999998545,0.19999998807907104,,
0,231,8.400000000001455,0.20000001788139343,,
0,232,8.399999999997817,0.30000001192092896,,
0,233,8.299999999999272,0.19999998807907104,,
0,234,8.30000000000291,0.20000001788139343,,
0,235,8.399999999997817,0.20000001788139343,,
0,236,8.299999999999272,0.19999998807907104,,
0,237,8.400000000001455,0.19999998807907104,,
0,238,8.200000000000728,0.09999999403953552,,
0,239,8.399999999997817,0.19999998807907104,,