model,engine,repetition,count,degree,sha256,loadMs,fps,onePercentLowFps,source,frameMs
shengyi_v1.ply,Windows,0,804758,3,31283b07ef49679b5fbe8854669a7a2d948e9cbf76795d4ae4d3057f86683d79,476.9906,120.038601134436,108.26426223769515,shengyi_v1.ply-native-0.log,8.33065356101626
spz/shengyi_v1.spz,Windows,0,804758,3,fd7af1e635b7932fc1fc9a19b2c69606c51a5be0b14ecd62f3fabf9479ca2866,661.1264,120.038355679307,108.41151384482968,spz_shengyi_v1.spz-native-0.log,8.330670595585195
he_v1.ply,Windows,0,2973002,3,78872df3e6e108941fd60be72ca74865c21e47c178f9f31bef576d741f605064,1490.4261,120.038740966291,108.90957464911588,he_v1.ply-native-0.log,8.330643856726368
spz/he_v1.spz,Windows,0,2973002,3,18da392eb6683b006bbdaec5ac8af7a8155ca58bad62419dff945718c61bf0c4,2176.3023,120.038688154222,106.58031292867993,spz_he_v1.spz-native-0.log,8.330647521865874
jiulonghu_v1.ply,Windows,0,22480361,3,bfabdedb67d3d83dea046834dff6b50152dda3c513ef48037a332671bd155c85,11082.4704,28.8742663875674,27.833108967549496,jiulonghu_v1.ply-native-0.log,34.632914532871986
spz/jiulonghu_v1.spz,Windows,0,22480361,3,21b143a7262db8d4797f7fc082c744009d3ebc33395c32ba79bacf9bc54444d7,16160.1916,28.8890509052617,27.839540313509854,spz_jiulonghu_v1.spz-native-0.log,34.61519048442901
spz/jiulonghu_v1.spz,Windows,1,22480361,3,21b143a7262db8d4797f7fc082c744009d3ebc33395c32ba79bacf9bc54444d7,15746.3883,28.9712257785567,28.39623730924798,spz_jiulonghu_v1.spz-native-1.log,34.51700689655177
jiulonghu_v1.ply,Windows,1,22480361,3,bfabdedb67d3d83dea046834dff6b50152dda3c513ef48037a332671bd155c85,10809.3495,28.8530323126756,27.91997576546088,jiulonghu_v1.ply-native-1.log,34.658402249134966
spz/he_v1.spz,Windows,1,2973002,3,18da392eb6683b006bbdaec5ac8af7a8155ca58bad62419dff945718c61bf0c4,2071.0199,120.037589913767,108.77472075489507,spz_he_v1.spz-native-1.log,8.330723740108272
he_v1.ply,Windows,1,2973002,3,78872df3e6e108941fd60be72ca74865c21e47c178f9f31bef576d741f605064,1471.3635,120.038250055893,109.0447633296961,he_v1.ply-native-1.log,8.330677925864242
spz/shengyi_v1.spz,Windows,1,804758,3,fd7af1e635b7932fc1fc9a19b2c69606c51a5be0b14ecd62f3fabf9479ca2866,615.0435,120.04399299859,108.6108982890585,spz_shengyi_v1.spz-native-1.log,8.330279383590195
shengyi_v1.ply,Windows,1,804758,3,31283b07ef49679b5fbe8854669a7a2d948e9cbf76795d4ae4d3057f86683d79,424.8393,120.042733213145,107.37150091936614,shengyi_v1.ply-native-1.log,8.330366805497706
shengyi_v1.ply,Windows,2,804758,3,31283b07ef49679b5fbe8854669a7a2d948e9cbf76795d4ae4d3057f86683d79,411.9504,120.044029009997,107.85043301949237,shengyi_v1.ply-native-2.log,8.330276884631406
spz/shengyi_v1.spz,Windows,2,804758,3,fd7af1e635b7932fc1fc9a19b2c69606c51a5be0b14ecd62f3fabf9479ca2866,603.7113,120.040909902098,108.81728308634843,spz_shengyi_v1.spz-native-2.log,8.330493336109932
he_v1.ply,Windows,2,2973002,3,78872df3e6e108941fd60be72ca74865c21e47c178f9f31bef576d741f605064,1460.2458,120.039456934497,108.09983019318429,he_v1.ply-native-2.log,8.33059416909624
spz/he_v1.spz,Windows,2,2973002,3,18da392eb6683b006bbdaec5ac8af7a8155ca58bad62419dff945718c61bf0c4,2142.3962,120.038789577441,107.40109925024775,spz_he_v1.spz-native-2.log,8.330640483132054
jiulonghu_v1.ply,Windows,2,22480361,3,bfabdedb67d3d83dea046834dff6b50152dda3c513ef48037a332671bd155c85,10884.0733,28.9326985356027,28.366460631607776,jiulonghu_v1.ply-native-2.log,34.562970293609666
spz/jiulonghu_v1.spz,Windows,2,22480361,3,21b143a7262db8d4797f7fc082c744009d3ebc33395c32ba79bacf9bc54444d7,15320.9043,28.9795478290174,28.309845598102285,spz_jiulonghu_v1.spz-native-2.log,34.50709465517243
shengyi_v1.ply,Web SDK,0,804758,3,31283b07ef49679b5fbe8854669a7a2d948e9cbf76795d4ae4d3057f86683d79,1397.339999999851,119.998260025235,116.686114349391,web-repeat-0/shengyi_v1.ply-native.json,8.333454166666295
shengyi_v1.ply,SparkJS,0,804758,3,31283b07ef49679b5fbe8854669a7a2d948e9cbf76795d4ae4d3057f86683d79,1443.9700000006706,119.99745005419305,94.22665436551496,web-repeat-0/shengyi_v1.ply-spark.json,8.3335104166662
spz/shengyi_v1.spz,SparkJS,0,804758,3,fd7af1e635b7932fc1fc9a19b2c69606c51a5be0b14ecd62f3fabf9479ca2866,1203.4949999991804,119.99859001657089,95.13050716586484,web-repeat-0/spz_shengyi_v1.spz-spark.json,8.333431249999752
spz/shengyi_v1.spz,Web SDK,0,804758,3,fd7af1e635b7932fc1fc9a19b2c69606c51a5be0b14ecd62f3fabf9479ca2866,1170.070000000298,119.99820002699512,115.99246048685205,web-repeat-0/spz_shengyi_v1.spz-native.json,8.333458333333644
he_v1.ply,Web SDK,0,2973002,3,78872df3e6e108941fd60be72ca74865c21e47c178f9f31bef576d741f605064,4434.950000001118,119.99694007802935,115.01964919204133,web-repeat-0/he_v1.ply-native.json,8.33354583333324
he_v1.ply,SparkJS,0,2973002,3,78872df3e6e108941fd60be72ca74865c21e47c178f9f31bef576d741f605064,4319.480000000447,117.01252673831598,53.502758736086186,web-repeat-0/he_v1.ply-spark.json,8.546093549764771
spz/he_v1.spz,SparkJS,0,2973002,3,18da392eb6683b006bbdaec5ac8af7a8155ca58bad62419dff945718c61bf0c4,2981.050000000745,114.29708542432296,52.519209472109466,web-repeat-0/spz_he_v1.spz-spark.json,8.749129483814425
spz/he_v1.spz,Web SDK,0,2973002,3,18da392eb6683b006bbdaec5ac8af7a8155ca58bad62419dff945718c61bf0c4,3369.375,119.94748110289729,109.52902518836123,web-repeat-0/spz_he_v1.spz-native.json,8.336982075864913
jiulonghu_v1.ply,Web SDK,0,22480361,3,bfabdedb67d3d83dea046834dff6b50152dda3c513ef48037a332671bd155c85,27926.479999998584,33.2493100768143,23.713138772801376,web-repeat-0/jiulonghu_v1.ply-native.json,30.075812030076644
jiulonghu_v1.ply,SparkJS,0,22480361,3,bfabdedb67d3d83dea046834dff6b50152dda3c513ef48037a332671bd155c85,29818.054999999702,37.57917446766181,9.735854108225306,web-repeat-0/jiulonghu_v1.ply-spark.json,26.610483443709892
spz/jiulonghu_v1.spz,SparkJS,0,22480361,3,21b143a7262db8d4797f7fc082c744009d3ebc33395c32ba79bacf9bc54444d7,20056.5,31.236232630468937,8.925099291754208,web-repeat-0/spz_jiulonghu_v1.spz-spark.json,32.014103999999165
spz/jiulonghu_v1.spz,Web SDK,0,22480361,3,21b143a7262db8d4797f7fc082c744009d3ebc33395c32ba79bacf9bc54444d7,24599.775000000373,34.04938711103301,23.929987693033382,web-repeat-0/spz_jiulonghu_v1.spz-native.json,29.369104258442594
spz/jiulonghu_v1.spz,Web SDK,1,22480361,3,21b143a7262db8d4797f7fc082c744009d3ebc33395c32ba79bacf9bc54444d7,26462.04000000097,33.84947533313145,23.892415864527678,web-repeat-1/spz_jiulonghu_v1.spz-native.json,29.542555391433563
spz/jiulonghu_v1.spz,SparkJS,1,22480361,3,21b143a7262db8d4797f7fc082c744009d3ebc33395c32ba79bacf9bc54444d7,20059.145000001416,37.93776113368613,9.827225098716713,web-repeat-1/spz_jiulonghu_v1.spz-spark.json,26.358961892246946
jiulonghu_v1.ply,SparkJS,1,22480361,3,bfabdedb67d3d83dea046834dff6b50152dda3c513ef48037a332671bd155c85,29470.72000000067,37.77274696306671,9.76169267749608,web-repeat-1/jiulonghu_v1.ply-spark.json,26.474113756613363
jiulonghu_v1.ply,Web SDK,1,22480361,3,bfabdedb67d3d83dea046834dff6b50152dda3c513ef48037a332671bd155c85,27615.445000000298,33.899525406645445,23.8977177680261,web-repeat-1/jiulonghu_v1.ply-native.json,29.498938053096357
spz/he_v1.spz,Web SDK,1,2973002,3,18da392eb6683b006bbdaec5ac8af7a8155ca58bad62419dff945718c61bf0c4,3391.9000000003725,119.94826075022448,110.32707380602919,web-repeat-1/spz_he_v1.spz-native.json,8.336927886619053
spz/he_v1.spz,SparkJS,1,2973002,3,18da392eb6683b006bbdaec5ac8af7a8155ca58bad62419dff945718c61bf0c4,2995.089999999851,115.49506258607187,52.79540679972093,web-repeat-1/spz_he_v1.spz-spark.json,8.65837878787898
he_v1.ply,SparkJS,1,2973002,3,78872df3e6e108941fd60be72ca74865c21e47c178f9f31bef576d741f605064,4233.410000000149,114.58398688782218,52.98318359829472,web-repeat-1/he_v1.ply-spark.json,8.72722294938996
he_v1.ply,Web SDK,1,2973002,3,78872df3e6e108941fd60be72ca74865c21e47c178f9f31bef576d741f605064,4341.085000000894,119.99787003780415,115.80496513833825,web-repeat-1/he_v1.ply-native.json,8.333481250000187
spz/shengyi_v1.spz,Web SDK,1,804758,3,fd7af1e635b7932fc1fc9a19b2c69606c51a5be0b14ecd62f3fabf9479ca2866,1128.3500000014901,119.9993700033048,115.31808571816701,web-repeat-1/spz_shengyi_v1.spz-native.json,8.33337708333352
spz/shengyi_v1.spz,SparkJS,1,804758,3,fd7af1e635b7932fc1fc9a19b2c69606c51a5be0b14ecd62f3fabf9479ca2866,1203.359999999404,119.998260025235,98.26400262103286,web-repeat-1/spz_shengyi_v1.spz-spark.json,8.333454166666295
shengyi_v1.ply,SparkJS,1,804758,3,31283b07ef49679b5fbe8854669a7a2d948e9cbf76795d4ae4d3057f86683d79,1459.5950000006706,119.99889001027545,98.38888205569654,web-repeat-1/shengyi_v1.ply-spark.json,8.333410416666108
shengyi_v1.ply,Web SDK,1,804758,3,31283b07ef49679b5fbe8854669a7a2d948e9cbf76795d4ae4d3057f86683d79,1319.6599999982864,119.94811081725776,110.16754647712207,web-repeat-1/shengyi_v1.ply-native.json,8.33693830762796
shengyi_v1.ply,Web SDK,2,804758,3,31283b07ef49679b5fbe8854669a7a2d948e9cbf76795d4ae4d3057f86683d79,1387.0099999997765,119.99853001801219,116.54445685443953,web-repeat-2/shengyi_v1.ply-native.json,8.333435416666326
shengyi_v1.ply,SparkJS,2,804758,3,31283b07ef49679b5fbe8854669a7a2d948e9cbf76795d4ae4d3057f86683d79,1493.835000000894,119.99781003996543,94.60551471362861,web-repeat-2/shengyi_v1.ply-spark.json,8.33348541666676
spz/shengyi_v1.spz,SparkJS,2,804758,3,fd7af1e635b7932fc1fc9a19b2c69606c51a5be0b14ecd62f3fabf9479ca2866,1196.9599999990314,119.9976000479968,96.42620382178315,web-repeat-2/spz_shengyi_v1.spz-spark.json,8.333500000000155
spz/shengyi_v1.spz,Web SDK,2,804758,3,fd7af1e635b7932fc1fc9a19b2c69606c51a5be0b14ecd62f3fabf9479ca2866,1161.4249999988824,119.99895000918295,116.4709307976133,web-repeat-2/spz_shengyi_v1.spz-native.json,8.33340625000031
he_v1.ply,Web SDK,2,2973002,3,78872df3e6e108941fd60be72ca74865c21e47c178f9f31bef576d741f605064,4295.559999998659,119.99754005043924,114.7309797524333,web-repeat-2/he_v1.ply-native.json,8.333504166665954
he_v1.ply,SparkJS,2,2973002,3,78872df3e6e108941fd60be72ca74865c21e47c178f9f31bef576d741f605064,4269.8650000002235,113.7469288329266,52.06388011718666,web-repeat-2/he_v1.ply-spark.json,8.79144615384576
spz/he_v1.spz,SparkJS,2,2973002,3,18da392eb6683b006bbdaec5ac8af7a8155ca58bad62419dff945718c61bf0c4,2938.414999999106,116.66051041722638,52.354878819614854,web-repeat-2/spz_he_v1.spz-spark.json,8.571880891173759
spz/he_v1.spz,Web SDK,2,2973002,3,18da392eb6683b006bbdaec5ac8af7a8155ca58bad62419dff945718c61bf0c4,3324.129999998957,119.99682008427179,115.2129038428818,web-repeat-2/spz_he_v1.spz-native.json,8.333554166666387
jiulonghu_v1.ply,Web SDK,2,22480361,3,bfabdedb67d3d83dea046834dff6b50152dda3c513ef48037a332671bd155c85,27391.180000001565,33.2491937070505,23.74289832957751,web-repeat-2/jiulonghu_v1.ply-native.json,30.075917293234983
jiulonghu_v1.ply,SparkJS,2,22480361,3,bfabdedb67d3d83dea046834dff6b50152dda3c513ef48037a332671bd155c85,29679.06499999948,37.721925456979065,9.796538148351496,web-repeat-2/jiulonghu_v1.ply-spark.json,26.509781456953345
spz/jiulonghu_v1.spz,SparkJS,2,22480361,3,21b143a7262db8d4797f7fc082c744009d3ebc33395c32ba79bacf9bc54444d7,19747.83499999903,37.9083860691924,9.825776696936048,web-repeat-2/spz_jiulonghu_v1.spz-spark.json,26.379387351778753
spz/jiulonghu_v1.spz,Web SDK,2,22480361,3,21b143a7262db8d4797f7fc082c744009d3ebc33395c32ba79bacf9bc54444d7,23035.724999999627,33.249576067903774,23.829787234344757,web-repeat-2/spz_jiulonghu_v1.spz-native.json,30.07557142857266
