model,engine,count,inputBytes,loadMsMedian,loadMsMin,loadMsMax,frameMsMedian,frameMsMin,frameMsMax,fpsMedian,fpsMin,fpsMax,onePercentLowFpsMedian,onePercentLowFpsMin,onePercentLowFpsMax
shengyi_v1.ply,Windows,804758,189924365,424.8393,411.9504,476.9906,8.330366805497706,8.330276884631406,8.33065356101626,120.042733213145,120.038601134436,120.044029009997,107.85043301949237,107.37150091936614,108.26426223769515
shengyi_v1.ply,Web SDK,804758,189924365,1387.0099999997765,1319.6599999982864,1397.339999999851,8.333454166666295,8.333435416666326,8.33693830762796,119.998260025235,119.94811081725776,119.99853001801219,116.54445685443953,110.16754647712207,116.686114349391
shengyi_v1.ply,SparkJS,804758,189924365,1459.5950000006706,1443.9700000006706,1493.835000000894,8.33348541666676,8.333410416666108,8.3335104166662,119.99781003996543,119.99745005419305,119.99889001027545,94.60551471362861,94.22665436551496,98.38888205569654
spz/shengyi_v1.spz,Windows,804758,17927619,615.0435,603.7113,661.1264,8.330493336109932,8.330279383590195,8.330670595585195,120.040909902098,120.038355679307,120.04399299859,108.6108982890585,108.41151384482968,108.81728308634843
spz/shengyi_v1.spz,Web SDK,804758,17927619,1161.4249999988824,1128.3500000014901,1170.070000000298,8.33340625000031,8.33337708333352,8.333458333333644,119.99895000918295,119.99820002699512,119.9993700033048,115.99246048685205,115.31808571816701,116.4709307976133
spz/shengyi_v1.spz,SparkJS,804758,17927619,1203.359999999404,1196.9599999990314,1203.4949999991804,8.333454166666295,8.333431249999752,8.333500000000155,119.998260025235,119.9976000479968,119.99859001657089,96.42620382178315,95.13050716586484,98.26400262103286
he_v1.ply,Windows,2973002,701629950,1471.3635,1460.2458,1490.4261,8.330643856726368,8.33059416909624,8.330677925864242,120.038740966291,120.038250055893,120.039456934497,108.90957464911588,108.09983019318429,109.0447633296961
he_v1.ply,Web SDK,2973002,701629950,4341.085000000894,4295.559999998659,4434.950000001118,8.333504166665954,8.333481250000187,8.33354583333324,119.99754005043924,119.99694007802935,119.99787003780415,115.01964919204133,114.7309797524333,115.80496513833825
he_v1.ply,SparkJS,2973002,701629950,4269.8650000002235,4233.410000000149,4319.480000000447,8.72722294938996,8.546093549764771,8.79144615384576,114.58398688782218,113.7469288329266,117.01252673831598,52.98318359829472,52.06388011718666,53.502758736086186
spz/he_v1.spz,Windows,2973002,51066812,2142.3962,2071.0199,2176.3023,8.330647521865874,8.330640483132054,8.330723740108272,120.038688154222,120.037589913767,120.038789577441,107.40109925024775,106.58031292867993,108.77472075489507
spz/he_v1.spz,Web SDK,2973002,51066812,3369.375,3324.129999998957,3391.9000000003725,8.336927886619053,8.333554166666387,8.336982075864913,119.94826075022448,119.94748110289729,119.99682008427179,110.32707380602919,109.52902518836123,115.2129038428818
spz/he_v1.spz,SparkJS,2973002,51066812,2981.050000000745,2938.414999999106,2995.089999999851,8.65837878787898,8.571880891173759,8.749129483814425,115.49506258607187,114.29708542432296,116.66051041722638,52.519209472109466,52.354878819614854,52.79540679972093
jiulonghu_v1.ply,Windows,22480361,5305366675,10884.0733,10809.3495,11082.4704,34.632914532871986,34.562970293609666,34.658402249134966,28.8742663875674,28.8530323126756,28.9326985356027,27.91997576546088,27.833108967549496,28.366460631607776
jiulonghu_v1.ply,Web SDK,22480361,5305366675,27615.445000000298,27391.180000001565,27926.479999998584,30.075812030076644,29.498938053096357,30.075917293234983,33.2493100768143,33.2491937070505,33.899525406645445,23.74289832957751,23.713138772801376,23.8977177680261
jiulonghu_v1.ply,SparkJS,22480361,5305366675,29679.06499999948,29470.72000000067,29818.054999999702,26.509781456953345,26.474113756613363,26.610483443709892,37.721925456979065,37.57917446766181,37.77274696306671,9.76169267749608,9.735854108225306,9.796538148351496
spz/jiulonghu_v1.spz,Windows,22480361,500754282,15746.3883,15320.9043,16160.1916,34.51700689655177,34.50709465517243,34.61519048442901,28.9712257785567,28.8890509052617,28.9795478290174,28.309845598102285,27.839540313509854,28.39623730924798
spz/jiulonghu_v1.spz,Web SDK,22480361,500754282,24599.775000000373,23035.724999999627,26462.04000000097,29.542555391433563,29.369104258442594,30.07557142857266,33.84947533313145,33.249576067903774,34.04938711103301,23.892415864527678,23.829787234344757,23.929987693033382
spz/jiulonghu_v1.spz,SparkJS,22480361,500754282,20056.5,19747.83499999903,20059.145000001416,26.379387351778753,26.358961892246946,32.014103999999165,37.9083860691924,31.236232630468937,37.93776113368613,9.825776696936048,8.925099291754208,9.827225098716713
